﻿Alabama,"196,906,061"
Autauga,"1,520,973"
Baldwin,"6,985,901"
Barbour,"687,074"
Bibb,"388,330"
Blount,"881,874"
Bullock,"250,385"
Butler,"574,717"
Calhoun,"3,982,561"
Chambers,"808,162"
Cherokee,"475,640"
Chilton,"957,204"
Choctaw,"488,633"
Clarke,"730,025"
Clay,"407,934"
Cleburne,"260,207"
Coffee,"1,249,738"
Colbert,"2,367,932"
Conecuh,"435,791"
Coosa,"180,648"
Covington,"1,051,514"
Crenshaw,"374,307"
Cullman,"2,567,437"
Dale,"2,427,204"
Dallas,"1,053,089"
DeKalb,"1,777,822"
Elmore,"1,709,154"
Escambia,"1,153,705"
Etowah,"2,563,314"
Fayette,"305,877"
Franklin,"890,896"
Geneva,"488,863"
Greene,"197,615"
Hale,"241,617"
Henry,"389,768"
Houston,"4,788,927"
Jackson,"1,313,862"
Jefferson,"39,199,550"
Lamar,"287,202"
Lauderdale,"2,298,418"
Lawrence,"524,136"
Lee,"5,570,011"
Limestone,"3,482,707"
Lowndes,"363,769"
Macon,"475,374"
Madison,"23,543,852"
Marengo,"674,690"
Marion,"763,653"
Marshall,"3,200,499"
Mobile,"18,079,418"
Monroe,"568,233"
Montgomery,"12,182,340"
Morgan,"5,092,131"
Perry,"183,394"
Pickens,"404,316"
Pike,"1,235,839"
Randolph,"425,424"
Russell,"1,285,414"
St. Clair,"1,824,570"
Shelby,"10,500,006"
Sumter,"283,683"
Talladega,"2,756,664"
Tallapoosa,"1,225,259"
Tuscaloosa,"10,098,832"
Walker,"1,577,350"
Washington,"732,077"
Wilcox,"385,496"
Winston,"700,955"
,
Alaska,"50,160,992"
Aleutians East Borough,"190,988"
Aleutians West Census Area,"360,360"
Anchorage Municipality,"20,006,260"
Bethel Census Area,"647,483"
Bristol Bay Borough,"107,600"
Chugach Census Area1,(NA)
Copper River Census Area1,(NA)
Denali Borough,"203,501"
Dillingham Census Area,"215,253"
Fairbanks North Star Borough,"5,092,503"
Haines Borough,"85,107"
Hoonah-Angoon Census Area,"90,774"
Juneau City and Borough,"2,183,825"
Kenai Peninsula Borough,"2,661,120"
Ketchikan Gateway Borough,"745,136"
Kodiak Island Borough,"680,484"
Kusilvak Census Area,"141,436"
Lake and Peninsula Borough,"74,371"
Matanuska-Susitna Borough,"2,534,009"
Nome Census Area,"395,401"
North Slope Borough,"9,143,816"
Northwest Arctic Borough,"620,696"
Petersburg Borough,"184,819"
Prince of Wales-Hyder Census Area,"260,584"
Sitka City and Borough,"385,262"
Skagway Municipality,"70,752"
Southeast Fairbanks Census Area,"622,826"
Valdez-Cordova Census Area1,(NA)
Wrangell City and Borough,"93,843"
Yakutat City and Borough,"30,972"
Yukon-Koyukuk Census Area,"256,635"
,
Arizona,"320,550,614"
Apache,"2,157,467"
Cochise,"4,501,616"
Coconino,"6,321,341"
Gila,"1,684,553"
Graham,"982,532"
Greenlee,"1,499,870"
La Paz,"688,842"
Maricopa,"231,963,078"
Mohave,"5,113,573"
Navajo,"2,537,793"
Pima,"38,478,791"
Pinal,"8,752,073"
Santa Cruz,"1,734,246"
Yavapai,"6,617,293"
Yuma,"7,422,021"
,
Arkansas,"114,943,471"
Arkansas,"988,706"
Ashley,"610,346"
Baxter,"1,239,729"
Benton,"14,467,239"
Boone,"1,158,133"
Bradley,"284,345"
Calhoun,"307,483"
Carroll,"773,575"
Chicot,"249,801"
Clark,"680,628"
Clay,"303,924"
Cleburne,"689,702"
Cleveland,"96,315"
Columbia,"770,150"
Conway,"732,630"
Craighead,"4,256,903"
Crawford,"1,528,616"
Crittenden,"1,598,537"
Cross,"422,368"
Dallas,"185,424"
Desha,"520,191"
Drew,"521,108"
Faulkner,"3,423,095"
Franklin,"421,930"
Fulton,"162,030"
Garland,"2,957,264"
Grant,"382,945"
Greene,"1,314,094"
Hempstead,"842,144"
Hot Spring,"856,444"
Howard,"508,829"
Independence,"1,487,088"
Izard,"232,164"
Jackson,"662,759"
Jefferson,"2,680,639"
Johnson,"636,808"
Lafayette,"129,237"
Lawrence,"423,315"
Lee,"144,788"
Lincoln,"207,687"
Little River,"433,041"
Logan,"421,432"
Lonoke,"1,182,122"
Madison,"350,421"
Marion,"440,581"
Miller,"1,160,106"
Mississippi,"2,619,912"
Monroe,"186,748"
Montgomery,"122,589"
Nevada,"206,410"
Newton,"89,111"
Ouachita,"530,849"
Perry,"129,926"
Phillips,"471,974"
Pike,"208,413"
Poinsett,"540,713"
Polk,"458,968"
Pope,"2,595,596"
Prairie,"204,171"
Pulaski,"25,848,697"
Randolph,"443,387"
St. Francis,"655,629"
Saline,"2,216,370"
Scott,"231,085"
Searcy,"151,794"
Sebastian,"5,993,166"
Sevier,"411,423"
Sharp,"275,584"
Stone,"198,469"
Union,"2,381,739"
Van Buren,"476,650"
Washington,"10,414,772"
White,"2,097,404"
Woodruff,"247,355"
Yell,"524,461"
,
California,"2,663,665,940"
Alameda,"121,709,013"
Alpine,"94,421"
Amador,"1,571,455"
Butte,"8,130,900"
Calaveras,"1,312,022"
Colusa,"1,475,738"
Contra Costa,"76,705,181"
Del Norte,"791,153"
El Dorado,"6,926,104"
Fresno,"41,216,318"
Glenn,"1,305,510"
Humboldt,"4,974,904"
Imperial,"8,273,072"
Inyo,"1,182,230"
Kern,"48,674,498"
Kings,"6,266,094"
Lake,"1,883,809"
Lassen,"1,083,379"
Los Angeles,"659,328,437"
Madera,"6,240,917"
Marin,"26,875,951"
Mariposa,"705,107"
Mendocino,"3,186,549"
Merced,"9,099,866"
Modoc,"437,915"
Mono,"922,078"
Monterey,"25,387,255"
Napa,"9,482,760"
Nevada,"3,803,890"
Orange,"220,845,026"
Placer,"20,860,227"
Plumas,"910,031"
Riverside,"78,285,711"
Sacramento,"81,577,179"
San Benito,"2,199,197"
San Bernardino,"82,202,264"
San Diego,"207,747,927"
San Francisco,"175,001,370"
San Joaquin,"28,417,585"
San Luis Obispo,"15,536,252"
San Mateo,"124,434,270"
Santa Barbara,"26,623,985"
Santa Clara,"340,009,883"
Santa Cruz,"13,591,297"
Shasta,"7,341,817"
Sierra,"80,670"
Siskiyou,"1,641,363"
Solano,"24,020,822"
Sonoma,"26,611,361"
Stanislaus,"21,439,045"
Sutter,"3,357,591"
Tehama,"2,011,859"
Trinity,"368,912"
Tulare,"17,662,200"
Tuolumne,"2,193,724"
Ventura,"46,597,738"
Yolo,"13,587,572"
Yuba,"3,045,748"
,
Colorado,"346,011,260"
Adams,"25,451,180"
Alamosa,"664,882"
Arapahoe,"43,489,732"
Archuleta,"494,375"
Baca,"173,764"
Bent,"143,196"
Boulder,"26,619,597"
Broomfield,"6,895,273"
Chaffee,"736,035"
Cheyenne,"215,685"
Clear Creek,"500,481"
Conejos,"204,012"
Costilla,"88,681"
Crowley,"123,783"
Custer,"124,417"
Delta,"818,405"
Denver,"71,810,805"
Dolores,"157,346"
Douglas,"17,347,206"
Eagle,"3,446,182"
Elbert,"652,812"
El Paso,"33,110,622"
Fremont,"1,273,467"
Garfield,"4,218,575"
Gilpin,"475,129"
Grand,"850,839"
Gunnison,"941,543"
Hinsdale,"31,882"
Huerfano,"284,855"
Jackson,"122,942"
Jefferson,"29,075,319"
Kiowa,"92,444"
Kit Carson,"404,348"
Lake,"279,119"
La Plata,"3,133,046"
Larimer,"18,624,980"
Las Animas,"687,058"
Lincoln,"407,597"
Logan,"993,645"
Mesa,"5,849,815"
Mineral,"47,817"
Moffat,"988,747"
Montezuma,"1,698,561"
Montrose,"1,467,479"
Morgan,"1,444,845"
Otero,"561,878"
Ouray,"221,206"
Park,"410,660"
Phillips,"190,461"
Pitkin,"1,846,417"
Prowers,"469,347"
Pueblo,"5,552,533"
Rio Blanco,"776,121"
Rio Grande,"443,550"
Routt,"1,728,212"
Saguache,"213,097"
San Juan,"50,883"
San Miguel,"553,806"
Sedgwick,"84,330"
Summit,"2,272,803"
Teller,"893,142"
Washington,"224,582"
Weld,"20,961,477"
Yuma,"547,401"
,
Connecticut,"235,888,558"
Fairfield,"77,114,999"
Hartford,"73,199,344"
Litchfield,"7,185,935"
Middlesex,"8,113,106"
New Haven,"45,522,066"
New London,"15,556,716"
Tolland,"4,875,457"
Windham,"4,363,941"
,
Delaware,"62,056,233"
Kent,"7,646,121"
New Castle,"42,841,997"
Sussex,"11,648,893"
,
District of Columbia,"122,342,074"
,
Florida,"944,000,797"
Alachua,"12,653,895"
Baker,"634,614"
Bay,"7,692,145"
Bradford,"595,628"
Brevard,"24,277,041"
Broward,"95,048,259"
Calhoun,"230,116"
Charlotte,"5,123,076"
Citrus,"3,829,030"
Clay,"4,909,445"
Collier,"17,555,943"
Columbia,"2,088,576"
DeSoto,"976,720"
Dixie,"281,574"
Duval,"60,529,067"
Escambia,"14,144,123"
Flagler,"2,656,526"
Franklin,"335,276"
Gadsden,"1,209,061"
Gilchrist,"433,369"
Glades,"371,528"
Gulf,"391,919"
Hamilton,"465,954"
Hardee,"1,046,593"
Hendry,"1,350,357"
Hernando,"3,928,981"
Highlands,"2,391,999"
Hillsborough,"83,550,687"
Holmes,"366,217"
Indian River,"5,986,673"
Jackson,"1,225,756"
Jefferson,"280,391"
Lafayette,"160,099"
Lake,"9,373,794"
Lee,"29,010,141"
Leon,"13,327,769"
Levy,"900,987"
Liberty,"184,750"
Madison,"394,406"
Manatee,"14,048,289"
Marion,"9,597,165"
Martin,"7,009,099"
Miami-Dade,"140,522,662"
Monroe,"4,384,775"
Nassau,"2,506,699"
Okaloosa,"11,158,763"
Okeechobee,"1,741,977"
Orange,"83,705,113"
Osceola,"9,751,770"
Palm Beach,"75,792,930"
Pasco,"12,330,615"
Pinellas,"45,673,601"
Polk,"25,297,584"
Putnam,"2,037,383"
St. Johns,"8,943,146"
St. Lucie,"8,775,826"
Santa Rosa,"4,421,093"
Sarasota,"19,267,728"
Seminole,"20,452,076"
Sumter,"3,858,944"
Suwannee,"1,144,990"
Taylor,"633,062"
Union,"280,227"
Volusia,"16,551,140"
Wakulla,"669,574"
Walton,"3,008,342"
Washington,"533,506"
,
Georgia,"536,693,026"
Appling,"1,521,770"
Atkinson,"217,106"
Bacon,"349,207"
Baker,"71,567"
Baldwin,"1,156,519"
Banks,"352,612"
Barrow,"2,024,624"
Bartow,"4,424,931"
Ben Hill,"464,145"
Berrien,"336,630"
Bibb,"7,305,106"
Bleckley,"213,883"
Brantley,"218,296"
Brooks,"422,365"
Bryan,"935,816"
Bulloch,"2,181,129"
Burke,"2,925,520"
Butts,"618,046"
Calhoun,"123,269"
Camden,"1,646,245"
Candler,"247,958"
Carroll,"4,400,168"
Catoosa,"1,339,864"
Charlton,"190,996"
Chatham,"15,642,840"
Chattahoochee,"1,482,800"
Chattooga,"455,798"
Cherokee,"7,195,518"
Clarke,"6,641,583"
Clay,"91,665"
Clayton,"12,905,048"
Clinch,"251,935"
Cobb,"48,514,523"
Coffee,"1,344,193"
Colquitt,"1,337,602"
Columbia,"3,695,253"
Cook,"341,195"
Coweta,"4,420,137"
Crawford,"143,192"
Crisp,"761,697"
Dade,"365,935"
Dawson,"783,732"
Decatur,"744,779"
DeKalb,"36,347,742"
Dodge,"378,259"
Dooly,"344,372"
Dougherty,"3,924,765"
Douglas,"4,118,159"
Early,"462,425"
Echols,"40,620"
Effingham,"1,904,352"
Elbert,"574,295"
Emanuel,"607,102"
Evans,"326,637"
Fannin,"647,971"
Fayette,"4,690,393"
Floyd,"3,488,556"
Forsyth,"9,300,037"
Franklin,"773,326"
Fulton,"161,378,980"
Gilmer,"784,987"
Glascock,"29,249"
Glynn,"3,398,503"
Gordon,"2,079,131"
Grady,"575,820"
Greene,"650,595"
Gwinnett,"44,429,717"
Habersham,"1,322,340"
Hall,"9,941,138"
Hancock,"142,844"
Haralson,"730,944"
Harris,"467,952"
Hart,"751,310"
Heard,"1,127,251"
Henry,"6,087,470"
Houston,"6,280,378"
Irwin,"191,233"
Jackson,"2,990,715"
Jasper,"258,766"
Jeff Davis,"373,385"
Jefferson,"488,853"
Jenkins,"150,813"
Johnson,"107,387"
Jones,"399,190"
Lamar,"391,488"
Lanier,"113,603"
Laurens,"1,559,013"
Lee,"671,208"
Liberty,"3,276,351"
Lincoln,"113,359"
Long,"155,138"
Lowndes,"4,470,317"
Lumpkin,"775,062"
McDuffie,"611,029"
McIntosh,"216,947"
Macon,"358,204"
Madison,"474,342"
Marion,"96,630"
Meriwether,"519,883"
Miller,"195,949"
Mitchell,"742,907"
Monroe,"1,102,190"
Montgomery,"142,417"
Morgan,"784,291"
Murray,"1,167,629"
Muscogee,"9,360,230"
Newton,"2,677,863"
Oconee,"1,407,127"
Oglethorpe,"272,941"
Paulding,"2,818,150"
Peach,"825,687"
Pickens,"884,161"
Pierce,"378,570"
Pike,"310,544"
Polk,"1,037,230"
Pulaski,"264,518"
Putnam,"494,219"
Quitman,"33,921"
Rabun,"514,736"
Randolph,"162,397"
Richmond,"10,721,090"
Rockdale,"3,513,706"
Schley,"100,456"
Screven,"273,259"
Seminole,"264,287"
Spalding,"1,846,823"
Stephens,"830,995"
Stewart,"122,188"
Sumter,"950,445"
Talbot,"95,452"
Taliaferro,"26,602"
Tattnall,"567,829"
Taylor,"184,546"
Telfair,"246,532"
Terrell,"195,020"
Thomas,"1,864,574"
Tift,"1,736,477"
Toombs,"865,736"
Towns,"321,399"
Treutlen,"93,802"
Troup,"3,148,141"
Turner,"193,233"
Twiggs,"247,873"
Union,"724,744"
Upson,"621,029"
Walker,"1,294,813"
Walton,"2,368,026"
Ware,"1,217,441"
Warren,"141,782"
Washington,"537,637"
Wayne,"951,650"
Webster,"52,351"
Wheeler,"94,003"
White,"775,210"
Whitfield,"5,122,435"
Wilcox,"140,313"
Wilkes,"269,409"
Wilkinson,"504,743"
Worth,"316,674"
,
Hawaii,"70,625,173"
Hawaii,"7,175,967"
Honolulu,"53,044,743"
Kauai,"3,083,667"
Maui + Kalawao,"7,325,327"
,
Idaho,"73,655,414"
Ada,"25,889,086"
Adams,"114,947"
Bannock,"2,566,967"
Bear Lake,"171,133"
Benewah,"306,338"
Bingham,"1,346,722"
Blaine,"1,336,865"
Boise,"157,762"
Bonner,"1,420,536"
Bonneville,"5,458,211"
Boundary,"344,255"
Butte,"1,170,733"
Camas,"71,162"
Canyon,"5,997,943"
Caribou,"637,362"
Cassia,"1,496,343"
Clark,"47,315"
Clearwater,"312,915"
Custer,"186,369"
Elmore,"1,207,991"
Franklin,"367,787"
Fremont (includes Yellowstone National Park),"365,716"
Gem,"368,635"
Gooding,"1,305,688"
Idaho,"421,548"
Jefferson,"838,403"
Jerome,"1,243,797"
Kootenai,"5,752,227"
Latah,"1,197,861"
Lemhi,"237,544"
Lewis,"147,045"
Lincoln,"280,202"
Madison,"1,173,500"
Minidoka,"854,236"
Nez Perce,"1,895,060"
Oneida,"126,896"
Owyhee,"430,686"
Payette,"772,277"
Power,"430,205"
Shoshone,"531,222"
Teton,"323,660"
Twin Falls,"3,382,755"
Valley,"438,411"
Washington,"436,939"
,
Illinois,"737,643,578"
Adams,"3,004,617"
Alexander,"147,920"
Bond,"505,790"
Boone,"1,608,551"
Brown,"455,980"
Bureau,"1,139,625"
Calhoun,"81,427"
Carroll,"563,373"
Cass,"593,363"
Champaign,"9,763,130"
Christian,"1,265,823"
Clark,"525,463"
Clay,"526,389"
Clinton,"954,844"
Coles,"2,159,678"
Cook,"344,457,109"
Crawford,"1,822,658"
Cumberland,"924,839"
DeKalb,"3,802,486"
De Witt,"1,187,292"
Douglas,"986,847"
DuPage,"81,986,150"
Edgar,"728,315"
Edwards,"255,189"
Effingham,"1,888,634"
Fayette,"497,287"
Ford,"663,646"
Franklin,"876,961"
Fulton,"773,353"
Gallatin,"187,066"
Greene,"284,648"
Grundy,"4,059,818"
Hamilton,"291,875"
Hancock,"515,392"
Hardin,"70,567"
Henderson,"167,726"
Henry,"1,382,530"
Iroquois,"1,051,553"
Jackson,"2,164,357"
Jasper,"443,648"
Jefferson,"1,657,999"
Jersey,"463,177"
Jo Daviess,"711,418"
Johnson,"213,340"
Kane,"23,946,745"
Kankakee,"5,658,125"
Kendall,"3,375,378"
Knox,"1,583,351"
Lake,"54,706,679"
LaSalle,"5,225,406"
Lawrence,"537,410"
Lee,"1,464,440"
Livingston,"1,786,360"
Logan,"948,474"
McDonough,"985,645"
McHenry,"10,170,115"
McLean,"12,822,459"
Macon,"5,589,315"
Macoupin,"1,054,833"
Madison,"12,986,578"
Marion,"1,152,914"
Marshall,"365,992"
Mason,"373,756"
Massac,"542,130"
Menard,"223,795"
Mercer,"388,188"
Monroe,"818,856"
Montgomery,"907,371"
Morgan,"1,444,379"
Moultrie,"816,150"
Ogle,"2,619,663"
Peoria,"11,181,923"
Perry,"579,709"
Piatt,"499,961"
Pike,"508,290"
Pope,"55,919"
Pulaski,"149,905"
Putnam,"315,308"
Randolph,"1,254,990"
Richland,"544,301"
Rock Island,"9,105,484"
St. Clair,"10,421,418"
Saline,"769,519"
Sangamon,"9,734,977"
Schuyler,"232,053"
Scott,"144,811"
Shelby,"784,017"
Stark,"209,655"
Stephenson,"1,697,006"
Tazewell,"4,818,375"
Union,"377,182"
Vermilion,"2,920,343"
Wabash,"359,775"
Warren,"738,545"
Washington,"1,038,680"
Wayne,"401,315"
White,"485,263"
Whiteside,"1,920,402"
Will,"30,663,731"
Williamson,"2,587,496"
Winnebago,"11,654,778"
Woodford,"1,067,716"
,
Indiana,"329,863,318"
Adams,"1,685,437"
Allen,"18,927,630"
Bartholomew,"5,579,423"
Benton,"485,458"
Blackford,"304,505"
Boone,"3,495,341"
Brown,"245,676"
Carroll,"669,333"
Cass,"1,271,475"
Clark,"4,842,045"
Clay,"695,762"
Clinton,"1,378,135"
Crawford,"167,668"
Daviess,"1,260,138"
Dearborn,"1,716,007"
Decatur,"1,551,376"
DeKalb,"2,395,180"
Delaware,"3,633,087"
Dubois,"2,532,051"
Elkhart,"14,261,050"
Fayette,"513,976"
Floyd,"2,658,311"
Fountain,"466,461"
Franklin,"520,967"
Fulton,"640,187"
Gibson,"3,100,741"
Grant,"2,093,862"
Greene,"576,789"
Hamilton,"18,110,560"
Hancock,"2,867,248"
Harrison,"1,033,147"
Hendricks,"6,550,833"
Henry,"1,253,171"
Howard,"3,685,452"
Huntington,"1,330,672"
Jackson,"2,254,476"
Jasper,"1,343,705"
Jay,"879,459"
Jefferson,"1,405,204"
Jennings,"716,252"
Johnson,"5,101,454"
Knox,"1,714,023"
Kosciusko,"5,310,213"
Lagrange,"1,678,576"
Lake,"21,806,214"
LaPorte,"3,805,458"
Lawrence,"1,303,826"
Madison,"3,399,219"
Marion,"81,197,410"
Marshall,"1,516,544"
Martin,"1,055,446"
Miami,"861,825"
Monroe,"6,186,198"
Montgomery,"1,606,946"
Morgan,"1,660,253"
Newton,"346,336"
Noble,"1,704,802"
Ohio,"91,361"
Orange,"541,166"
Owen,"494,751"
Parke,"338,714"
Perry,"723,234"
Pike,"625,626"
Porter,"6,902,283"
Posey,"3,304,029"
Pulaski,"617,329"
Putnam,"993,706"
Randolph,"714,945"
Ripley,"1,087,534"
Rush,"576,478"
St. Joseph,"12,303,774"
Scott,"641,588"
Shelby,"1,823,360"
Spencer,"849,445"
Starke,"528,176"
Steuben,"1,312,223"
Sullivan,"817,463"
Switzerland,"197,086"
Tippecanoe,"9,037,103"
Tipton,"561,148"
Union,"129,360"
Vanderburgh,"9,844,592"
Vermillion,"791,356"
Vigo,"4,180,953"
Wabash,"1,096,096"
Warren,"229,338"
Warrick,"2,289,923"
Washington,"595,674"
Wayne,"2,485,429"
Wells,"1,050,120"
White,"957,235"
Whitley,"1,556,320"
,
Iowa,"169,420,257"
Adair,"402,814"
Adams,"216,645"
Allamakee,"609,114"
Appanoose,"358,406"
Audubon,"315,436"
Benton,"876,669"
Black Hawk,"6,739,491"
Boone,"985,932"
Bremer,"973,599"
Buchanan,"763,992"
Buena Vista,"1,176,198"
Butler,"405,203"
Calhoun,"412,840"
Carroll,"1,229,619"
Cass,"586,425"
Cedar,"575,676"
Cerro Gordo,"2,168,339"
Cherokee,"649,686"
Chickasaw,"615,562"
Clarke,"350,593"
Clay,"1,002,724"
Clayton,"813,471"
Clinton,"1,935,211"
Crawford,"733,641"
Dallas,"4,725,730"
Davis,"236,188"
Decatur,"177,057"
Delaware,"900,088"
Des Moines,"1,821,165"
Dickinson,"927,622"
Dubuque,"5,801,448"
Emmet,"319,903"
Fayette,"723,357"
Floyd,"728,635"
Franklin,"592,624"
Fremont,"295,825"
Greene,"463,472"
Grundy,"497,417"
Guthrie,"432,510"
Hamilton,"724,844"
Hancock,"709,534"
Hardin,"765,366"
Harrison,"387,493"
Henry,"808,335"
Howard,"458,488"
Humboldt,"444,169"
Ida,"531,668"
Iowa,"1,025,439"
Jackson,"635,772"
Jasper,"1,084,946"
Jefferson,"620,901"
Johnson,"8,212,803"
Jones,"598,102"
Keokuk,"341,047"
Kossuth,"856,257"
Lee,"1,560,691"
Linn,"14,876,063"
Louisa,"674,845"
Lucas,"292,165"
Lyon,"869,854"
Madison,"378,033"
Mahaska,"802,001"
Marion,"1,825,393"
Marshall,"1,723,522"
Mills,"495,673"
Mitchell,"621,991"
Monona,"319,428"
Monroe,"375,333"
Montgomery,"363,504"
Muscatine,"2,311,461"
O'Brien,"886,548"
Osceola,"359,123"
Page,"558,239"
Palo Alto,"521,242"
Plymouth,"1,339,989"
Pocahontas,"513,918"
Polk,"40,003,968"
Pottawattamie,"3,627,672"
Poweshiek,"1,106,728"
Ringgold,"193,972"
Sac,"568,873"
Scott,"8,387,605"
Shelby,"651,440"
Sioux,"2,427,524"
Story,"4,862,860"
Tama,"676,404"
Taylor,"238,099"
Union,"574,710"
Van Buren,"194,837"
Wapello,"1,405,406"
Warren,"1,101,369"
Washington,"1,034,583"
Wayne,"214,858"
Webster,"1,795,898"
Winnebago,"401,474"
Winneshiek,"977,316"
Woodbury,"4,505,396"
Worth,"270,948"
Wright,"643,686"
,
Kansas,"156,770,113"
Allen,"537,007"
Anderson,"279,938"
Atchison,"653,366"
Barber,"206,714"
Barton,"1,152,933"
Bourbon,"551,341"
Brown,"471,878"
Butler,"2,412,601"
Chase,"125,281"
Chautauqua,"76,430"
Cherokee,"717,388"
Cheyenne,"138,108"
Clark,"207,497"
Clay,"268,434"
Cloud,"347,936"
Coffey,"804,570"
Comanche,"60,603"
Cowley,"1,222,928"
Crawford,"1,495,298"
Decatur,"154,304"
Dickinson,"592,121"
Doniphan,"239,185"
Douglas,"4,362,445"
Edwards,"189,183"
Elk,"70,286"
Ellis,"1,467,560"
Ellsworth,"265,638"
Finney,"2,061,237"
Ford,"2,173,959"
Franklin,"818,567"
Geary,"2,671,243"
Gove,"155,147"
Graham,"128,804"
Grant,"461,610"
Gray,"609,623"
Greeley,"160,056"
Greenwood,"150,528"
Hamilton,"300,034"
Harper,"336,793"
Harvey,"1,154,214"
Haskell,"337,005"
Hodgeman,"155,446"
Jackson,"350,273"
Jefferson,"389,694"
Jewell,"134,852"
Johnson,"45,975,899"
Kearny,"265,580"
Kingman,"348,925"
Kiowa,"123,322"
Labette,"744,087"
Lane,"129,817"
Leavenworth,"2,562,300"
Lincoln,"125,795"
Linn,"464,947"
Logan,"168,538"
Lyon,"1,315,623"
McPherson,"1,975,391"
Marion,"378,791"
Marshall,"458,072"
Meade,"261,867"
Miami,"870,369"
Mitchell,"422,965"
Montgomery,"1,774,966"
Morris,"189,998"
Morton,"150,566"
Nemaha,"426,018"
Neosho,"527,388"
Ness,"192,308"
Norton,"236,493"
Osage,"290,191"
Osborne,"163,332"
Ottawa,"110,859"
Pawnee,"283,126"
Phillips,"397,344"
Pottawatomie,"1,093,410"
Pratt,"557,276"
Rawlins,"142,977"
Reno,"2,285,662"
Republic,"202,298"
Rice,"584,050"
Riley,"2,370,597"
Rooks,"190,756"
Rush,"155,519"
Russell,"262,542"
Saline,"2,480,833"
Scott,"322,982"
Sedgwick,"27,591,664"
Seward,"1,189,257"
Shawnee,"9,399,237"
Sheridan,"133,084"
Sherman,"284,558"
Smith,"173,358"
Stafford,"207,651"
Stanton,"234,000"
Stevens,"352,521"
Sumner,"658,477"
Thomas,"540,529"
Trego,"161,973"
Wabaunsee,"136,101"
Wallace,"106,165"
Washington,"230,175"
Wichita,"240,836"
Wilson,"295,075"
Woodson,"80,660"
Wyandotte,"10,800,431"
,
Kentucky,"185,535,131"
Adair,"343,265"
Allen,"427,733"
Anderson,"492,891"
Ballard,"208,519"
Barren,"1,277,879"
Bath,"177,204"
Bell,"683,774"
Boone,"10,200,886"
Bourbon,"863,098"
Boyd,"4,053,520"
Boyle,"1,074,985"
Bracken,"141,695"
Breathitt,"182,932"
Breckinridge,"363,440"
Bullitt,"2,233,899"
Butler,"286,903"
Caldwell,"364,540"
Calloway,"1,245,227"
Campbell,"3,005,234"
Carlisle,"149,113"
Carroll,"1,800,554"
Carter,"442,835"
Casey,"308,730"
Christian,"5,298,755"
Clark,"1,310,952"
Clay,"293,610"
Clinton,"293,409"
Crittenden,"177,541"
Cumberland,"150,904"
Daviess,"4,033,287"
Edmonson,"166,968"
Elliott,"69,565"
Estill,"191,815"
Fayette,"17,759,671"
Fleming,"291,750"
Floyd,"998,204"
Franklin,"2,660,456"
Fulton,"178,764"
Gallatin,"364,883"
Garrard,"225,440"
Grant,"449,892"
Graves,"1,122,237"
Grayson,"641,835"
Green,"157,866"
Greenup,"799,026"
Hancock,"849,056"
Hardin,"4,620,201"
Harlan,"477,056"
Harrison,"460,105"
Hart,"503,109"
Henderson,"1,827,846"
Henry,"321,642"
Hickman,"158,559"
Hopkins,"1,658,687"
Jackson,"140,278"
Jefferson,"48,558,750"
Jessamine,"1,810,356"
Johnson,"392,622"
Kenton,"7,671,398"
Knott,"199,340"
Knox,"525,480"
Larue,"203,407"
Laurel,"1,844,072"
Lawrence,"321,151"
Lee,"121,383"
Leslie,"146,541"
Letcher,"301,766"
Lewis,"183,582"
Lincoln,"368,704"
Livingston,"273,944"
Logan,"1,192,743"
Lyon,"197,733"
McCracken,"3,645,427"
McCreary,"231,741"
McLean,"229,091"
Madison,"2,591,253"
Magoffin,"142,324"
Marion,"795,337"
Marshall,"1,262,796"
Martin,"208,899"
Mason,"1,021,213"
Meade,"497,259"
Menifee,"79,227"
Mercer,"695,751"
Metcalfe,"165,705"
Monroe,"280,517"
Montgomery,"877,119"
Morgan,"221,509"
Muhlenberg,"1,066,001"
Nelson,"1,405,150"
Nicholas,"85,379"
Ohio,"729,189"
Oldham,"1,679,452"
Owen,"165,798"
Owsley,"42,305"
Pendleton,"254,784"
Perry,"854,110"
Pike,"1,843,038"
Powell,"200,970"
Pulaski,"1,928,098"
Robertson,"23,335"
Rockcastle,"284,753"
Rowan,"632,965"
Russell,"577,519"
Scott,"3,203,386"
Shelby,"1,482,034"
Simpson,"897,581"
Spencer,"258,814"
Taylor,"789,790"
Todd,"336,601"
Trigg,"247,389"
Trimble,"495,830"
Union,"855,597"
Warren,"5,474,620"
Washington,"284,077"
Wayne,"386,501"
Webster,"391,434"
Whitley,"925,806"
Wolfe,"91,355"
Woodford,"1,041,687"
,
Louisiana,"222,296,814"
Acadia,"1,440,636"
Allen,"608,593"
Ascension,"7,915,627"
Assumption,"428,691"
Avoyelles,"817,163"
Beauregard,"989,099"
Bienville,"627,061"
Bossier,"4,927,925"
Caddo,"11,735,815"
Calcasieu,"14,102,712"
Caldwell,"168,999"
Cameron,"1,040,715"
Catahoula,"177,240"
Claiborne,"384,797"
Concordia,"544,397"
De Soto,"3,051,035"
East Baton Rouge,"32,159,428"
East Carroll,"168,730"
East Feliciana,"451,093"
Evangeline,"870,692"
Franklin,"537,030"
Grant,"320,245"
Iberia,"2,702,549"
Iberville,"1,783,591"
Jackson,"415,233"
Jefferson,"20,237,809"
Jefferson Davis,"880,532"
Lafayette,"12,148,850"
Lafourche,"3,686,250"
LaSalle,"471,998"
Lincoln,"2,003,358"
Livingston,"2,874,243"
Madison,"420,428"
Morehouse,"578,410"
Natchitoches,"1,224,853"
Orleans,"20,227,763"
Ouachita,"6,165,716"
Plaquemines,"3,575,101"
Pointe Coupee,"700,627"
Rapides,"4,971,096"
Red River,"931,094"
Richland,"551,447"
Sabine,"700,624"
St. Bernard,"1,494,407"
St. Charles,"8,742,131"
St. Helena,"171,827"
St. James,"2,917,005"
St. John the Baptist,"4,079,861"
St. Landry,"2,361,621"
St. Martin,"1,088,992"
St. Mary,"2,046,665"
St. Tammany,"10,964,414"
Tangipahoa,"4,016,999"
Tensas,"122,088"
Terrebonne,"4,578,577"
Union,"420,495"
Vermilion,"1,434,589"
Vernon,"1,822,304"
Washington,"1,012,217"
Webster,"1,037,592"
West Baton Rouge,"2,197,706"
West Carroll,"189,738"
West Feliciana,"920,635"
Winn,"399,420"
,
Maine,"58,757,344"
Androscoggin,"4,305,584"
Aroostook,"2,360,223"
Cumberland,"20,215,058"
Franklin,"947,437"
Hancock,"2,202,627"
Kennebec,"5,196,253"
Knox,"1,616,857"
Lincoln,"1,055,438"
Oxford,"1,508,900"
Penobscot,"5,926,747"
Piscataquis,"501,391"
Sagadahoc,"1,365,147"
Somerset,"1,546,075"
Waldo,"1,241,039"
Washington,"1,029,367"
York,"7,744,082"
,
Maryland,"353,052,548"
Allegany,"2,609,214"
Anne Arundel,"44,922,819"
Baltimore,"47,546,919"
Calvert,"4,116,429"
Caroline,"1,040,641"
Carroll,"5,574,693"
Cecil,"4,386,408"
Charles,"5,230,001"
Dorchester,"1,175,636"
Frederick,"12,237,426"
Garrett,"1,141,970"
Harford,"11,992,841"
Howard,"24,560,917"
Kent,"820,422"
Montgomery,"81,242,111"
Prince George's,"39,905,568"
Queen Anne's,"1,600,285"
St. Mary's,"7,043,846"
Somerset,"739,593"
Talbot,"1,694,222"
Washington,"6,118,736"
Wicomico,"4,489,511"
Worcester,"2,273,029"
Baltimore City,"40,612,851"
,
Massachusetts,"498,576,980"
Barnstable,"11,278,337"
Berkshire,"5,903,065"
Bristol,"23,284,414"
Dukes,"1,315,563"
Essex,"40,506,440"
Franklin,"2,699,832"
Hampden,"19,664,592"
Hampshire,"6,598,093"
Middlesex,"160,961,586"
Nantucket,"1,207,111"
Norfolk,"47,168,994"
Plymouth,"22,337,343"
Suffolk,"116,615,766"
Worcester,"39,168,305"
,
Michigan,"445,682,592"
Alcona,"197,202"
Alger,"236,914"
Allegan,"4,033,931"
Alpena,"944,360"
Antrim,"539,181"
Arenac,"390,379"
Baraga,"243,725"
Barry,"1,459,336"
Bay,"3,217,281"
Benzie,"475,747"
Berrien,"6,896,322"
Branch,"1,326,665"
Calhoun,"5,700,101"
Cass,"999,967"
Charlevoix,"1,037,057"
Cheboygan,"535,519"
Chippewa,"994,850"
Clare,"994,527"
Clinton,"1,975,557"
Crawford,"368,441"
Delta,"1,110,812"
Dickinson,"1,182,265"
Eaton,"4,628,748"
Emmet,"1,494,317"
Genesee,"14,117,264"
Gladwin,"435,133"
Gogebic,"415,341"
Grand Traverse,"4,575,204"
Gratiot,"1,275,044"
Hillsdale,"1,363,459"
Houghton,"991,195"
Huron,"1,455,458"
Ingham,"14,579,594"
Ionia,"1,404,402"
Iosco,"765,219"
Iron,"290,024"
Isabella,"2,020,138"
Jackson,"5,871,461"
Kalamazoo,"12,037,302"
Kalkaska,"491,461"
Kent,"36,927,884"
Keweenaw,"45,682"
Lake,"214,031"
Lapeer,"2,012,718"
Leelanau,"698,025"
Lenawee,"2,649,305"
Livingston,"6,303,595"
Luce,"135,234"
Mackinac,"364,549"
Macomb,"33,850,873"
Manistee,"774,504"
Marquette,"2,520,403"
Mason,"907,758"
Mecosta,"1,104,643"
Menominee,"639,434"
Midland,"4,597,719"
Missaukee,"401,256"
Monroe,"5,204,777"
Montcalm,"1,490,399"
Montmorency,"263,215"
Muskegon,"5,444,043"
Newaygo,"1,231,373"
Oakland,"91,328,190"
Oceana,"593,278"
Ogemaw,"510,673"
Ontonagon,"122,250"
Osceola,"680,959"
Oscoda,"172,906"
Otsego,"946,528"
Ottawa,"12,961,281"
Presque Isle,"313,525"
Roscommon,"534,913"
Saginaw,"7,294,697"
St. Clair,"4,680,402"
St. Joseph,"1,888,421"
Sanilac,"1,124,130"
Schoolcraft,"244,711"
Shiawassee,"1,496,778"
Tuscola,"1,199,686"
Van Buren,"2,745,551"
Washtenaw,"22,186,983"
Wayne,"82,616,072"
Wexford,"1,132,007"
,
Minnesota,"326,635,647"
Aitkin,"430,962"
Anoka,"13,772,356"
Becker,"1,280,219"
Beltrami,"1,612,174"
Benton,"1,645,629"
Big Stone,"205,772"
Blue Earth,"3,669,556"
Brown,"1,313,506"
Carlton,"1,182,784"
Carver,"4,980,914"
Cass,"885,615"
Chippewa,"552,826"
Chisago,"1,453,646"
Clay,"1,826,127"
Clearwater,"246,713"
Cook,"212,954"
Cottonwood,"648,533"
Crow Wing,"2,442,378"
Dakota,"24,623,518"
Dodge,"668,993"
Douglas,"1,789,728"
Faribault,"493,288"
Fillmore,"608,221"
Freeborn,"1,140,707"
Goodhue,"2,671,976"
Grant,"271,149"
Hennepin,"121,458,435"
Houston,"519,685"
Hubbard,"682,769"
Isanti,"1,005,685"
Itasca,"1,823,442"
Jackson,"644,038"
Kanabec,"377,047"
Kandiyohi,"2,105,998"
Kittson,"219,791"
Koochiching,"474,033"
Lac qui Parle,"265,701"
Lake,"498,989"
Lake of the Woods,"183,805"
Le Sueur,"910,006"
Lincoln,"359,613"
Lyon,"1,376,454"
McLeod,"1,634,606"
Mahnomen,"145,455"
Marshall,"383,671"
Martin,"972,250"
Meeker,"885,524"
Mille Lacs,"729,852"
Morrison,"1,102,145"
Mower,"1,706,376"
Murray,"565,693"
Nicollet,"1,448,280"
Nobles,"1,217,177"
Norman,"225,646"
Olmsted,"10,604,454"
Otter Tail,"2,152,495"
Pennington,"1,626,456"
Pine,"664,796"
Pipestone,"670,328"
Polk,"1,331,387"
Pope,"522,227"
Ramsey,"36,804,698"
Red Lake,"142,880"
Redwood,"848,870"
Renville,"761,893"
Rice,"2,497,511"
Rock,"656,535"
Roseau,"966,600"
St. Louis,"8,940,223"
Scott,"6,307,681"
Sherburne,"2,994,983"
Sibley,"433,878"
Stearns,"7,898,838"
Steele,"2,094,033"
Stevens,"603,904"
Swift,"449,447"
Todd,"818,847"
Traverse,"237,751"
Wabasha,"730,897"
Wadena,"482,254"
Waseca,"748,722"
Washington,"11,085,964"
Watonwan,"440,690"
Wilkin,"258,586"
Winona,"2,175,504"
Wright,"4,529,492"
Yellow Medicine,"504,674"
,
Mississippi,"99,667,462"
Adams,"826,117"
Alcorn,"1,085,560"
Amite,"206,004"
Attala,"429,819"
Benton,"275,925"
Bolivar,"859,725"
Calhoun,"264,381"
Carroll,"97,794"
Chickasaw,"497,108"
Choctaw,"659,804"
Claiborne,"541,117"
Clarke,"261,408"
Clay,"492,069"
Coahoma,"613,388"
Copiah,"587,833"
Covington,"514,185"
DeSoto,"5,488,463"
Forrest,"3,156,448"
Franklin,"169,779"
George,"433,331"
Greene,"137,190"
Grenada,"806,897"
Hancock,"1,454,494"
Harrison,"7,622,649"
Hinds,"10,547,009"
Holmes,"240,741"
Humphreys,"172,759"
Issaquena,"25,542"
Itawamba,"537,994"
Jackson,"6,985,122"
Jasper,"539,157"
Jefferson,"112,066"
Jefferson Davis,"161,159"
Jones,"2,247,208"
Kemper,"294,110"
Lafayette,"1,854,316"
Lamar,"1,541,426"
Lauderdale,"2,971,235"
Lawrence,"307,161"
Leake,"492,108"
Lee,"4,402,941"
Leflore,"1,053,322"
Lincoln,"1,029,781"
Lowndes,"2,728,379"
Madison,"5,576,138"
Marion,"798,297"
Marshall,"686,530"
Monroe,"835,438"
Montgomery,"170,747"
Neshoba,"873,333"
Newton,"442,452"
Noxubee,"208,555"
Oktibbeha,"1,580,015"
Panola,"978,036"
Pearl River,"995,798"
Perry,"267,404"
Pike,"998,633"
Pontotoc,"860,340"
Prentiss,"529,858"
Quitman,"90,068"
Rankin,"5,986,619"
Scott,"1,011,626"
Sharkey,"97,013"
Simpson,"543,015"
Smith,"324,640"
Stone,"336,451"
Sunflower,"584,803"
Tallahatchie,"243,888"
Tate,"454,864"
Tippah,"584,437"
Tishomingo,"540,334"
Tunica,"423,671"
Union,"983,203"
Walthall,"231,459"
Warren,"2,031,590"
Washington,"1,286,769"
Wayne,"559,792"
Webster,"179,796"
Wilkinson,"131,333"
Winston,"453,211"
Yalobusha,"298,339"
Yazoo,"690,442"
,
Missouri,"282,654,205"
Adair,"734,841"
Andrew,"302,069"
Atchison,"309,676"
Audrain,"868,166"
Barry,"1,416,424"
Barton,"347,353"
Bates,"440,755"
Benton,"356,086"
Bollinger,"180,541"
Boone,"8,771,757"
Buchanan,"4,505,430"
Butler,"1,336,172"
Caldwell,"201,609"
Callaway,"1,674,580"
Camden,"1,368,158"
Cape Girardeau,"3,621,817"
Carroll,"317,468"
Carter,"108,372"
Cass,"2,482,296"
Cedar,"264,496"
Chariton,"278,482"
Christian,"1,594,768"
Clark,"148,850"
Clay,"11,235,550"
Clinton,"376,460"
Cole,"4,877,360"
Cooper,"411,490"
Crawford,"584,515"
Dade,"184,503"
Dallas,"232,589"
Daviess,"186,130"
DeKalb,"309,278"
Dent,"334,360"
Douglas,"190,379"
Dunklin,"632,647"
Franklin,"4,268,971"
Gasconade,"423,064"
Gentry,"221,352"
Greene,"14,988,265"
Grundy,"314,056"
Harrison,"244,199"
Henry,"657,323"
Hickory,"133,836"
Holt,"216,023"
Howard,"208,493"
Howell,"1,122,989"
Iron,"424,075"
Jackson,"41,704,032"
Jasper,"4,814,364"
Jefferson,"4,724,734"
Johnson,"1,717,673"
Knox,"129,157"
Laclede,"1,093,856"
Lafayette,"770,479"
Lawrence,"801,319"
Lewis,"237,022"
Lincoln,"1,184,720"
Linn,"394,431"
Livingston,"524,711"
McDonald,"675,947"
Macon,"494,438"
Madison,"262,763"
Maries,"160,978"
Marion,"1,093,962"
Mercer,"103,815"
Miller,"619,737"
Mississippi,"342,629"
Moniteau,"425,491"
Monroe,"193,307"
Montgomery,"356,687"
Morgan,"474,887"
New Madrid,"939,359"
Newton,"1,896,988"
Nodaway,"700,932"
Oregon,"199,522"
Osage,"396,809"
Ozark,"117,568"
Pemiscot,"384,543"
Perry,"1,006,137"
Pettis,"1,546,870"
Phelps,"1,408,644"
Pike,"489,732"
Platte,"5,892,862"
Polk,"705,966"
Pulaski,"2,112,290"
Putnam,"125,718"
Ralls,"583,902"
Randolph,"1,078,267"
Ray,"452,591"
Reynolds,"224,750"
Ripley,"196,319"
St. Charles,"15,534,121"
St. Clair,"152,563"
Ste. Genevieve,"597,838"
St. Francois,"1,537,853"
St. Louis,"70,227,464"
Saline,"859,986"
Schuyler,"85,126"
Scotland,"150,546"
Scott,"1,489,290"
Shannon,"126,139"
Shelby,"178,179"
Stoddard,"958,456"
Stone,"623,184"
Sullivan,"505,987"
Taney,"1,978,616"
Texas,"506,163"
Vernon,"784,509"
Warren,"805,853"
Washington,"366,771"
Wayne,"199,210"
Webster,"700,185"
Worth,"55,828"
Wright,"300,140"
St. Louis City,"25,661,422"
,
Montana,"46,158,111"
Beaverhead,"398,758"
Big Horn,"805,983"
Blaine,"185,714"
Broadwater,"167,797"
Carbon,"346,358"
Carter,"63,600"
Cascade,"3,260,734"
Chouteau,"261,728"
Custer,"422,601"
Daniels,"117,122"
Dawson,"407,073"
Deer Lodge,"237,288"
Fallon,"239,054"
Fergus,"444,668"
Flathead,"3,693,810"
Gallatin,"5,660,927"
Garfield,"51,818"
Glacier,"435,361"
Golden Valley,"29,653"
Granite,"89,273"
Hill,"676,889"
Jefferson,"241,102"
Judith Basin,"109,701"
Lake,"766,670"
Lewis and Clark,"3,136,376"
Liberty,"217,082"
Lincoln,"526,520"
McCone,"108,563"
Madison,"454,175"
Meagher,"63,091"
Mineral,"88,862"
Missoula,"4,953,783"
Musselshell,"283,108"
Park,"532,202"
Petroleum,"18,835"
Phillips,"144,484"
Pondera,"225,828"
Powder River,"205,811"
Powell,"200,193"
Prairie,"50,478"
Ravalli,"1,041,465"
Richland,"957,872"
Roosevelt,"436,818"
Rosebud,"696,614"
Sanders,"328,388"
Sheridan,"190,770"
Silver Bow,"1,332,876"
Stillwater,"712,788"
Sweet Grass,"253,572"
Teton,"245,594"
Toole,"346,620"
Treasure,"79,884"
Valley,"306,609"
Wheatland,"93,119"
Wibaux,"53,782"
Yellowstone,"8,602,799"
,
Nebraska,"117,664,915"
Adams,"1,671,707"
Antelope,"599,035"
Arthur,"23,312"
Banner,"50,727"
Blaine,"38,198"
Boone,"438,395"
Box Butte,"549,888"
Boyd,"114,268"
Brown,"228,813"
Buffalo,"2,709,429"
Burt,"304,317"
Butler,"311,060"
Cass,"746,995"
Cedar,"412,170"
Chase,"335,528"
Cherry,"324,358"
Cheyenne,"489,870"
Clay,"330,564"
Colfax,"687,673"
Cuming,"871,128"
Custer,"751,755"
Dakota,"1,403,012"
Dawes,"275,516"
Dawson,"1,438,074"
Deuel,"76,203"
Dixon,"299,942"
Dodge,"1,941,614"
Douglas,"43,913,519"
Dundy,"198,464"
Fillmore,"355,703"
Franklin,"97,611"
Frontier,"101,066"
Furnas,"251,293"
Gage,"864,946"
Garden,"77,823"
Garfield,"92,527"
Gosper,"102,522"
Grant,"33,445"
Greeley,"116,431"
Hall,"3,140,429"
Hamilton,"652,162"
Harlan,"201,534"
Hayes,"114,101"
Hitchcock,"139,120"
Holt,"671,224"
Hooker,"34,929"
Howard,"239,558"
Jefferson,"401,619"
Johnson,"164,664"
Kearney,"336,869"
Keith,"374,827"
Keya Paha,"49,824"
Kimball,"168,279"
Knox,"490,641"
Lancaster,"17,281,019"
Lincoln,"2,118,492"
Logan,"38,940"
Loup,"42,775"
McPherson,"33,570"
Madison,"2,251,105"
Merrick,"348,507"
Morrill,"437,272"
Nance,"122,353"
Nemaha,"636,064"
Nuckolls,"229,986"
Otoe,"1,165,190"
Pawnee,"112,392"
Perkins,"291,140"
Phelps,"832,041"
Pierce,"338,350"
Platte,"2,417,787"
Polk,"262,539"
Red Willow,"502,679"
Richardson,"325,225"
Rock,"106,337"
Saline,"1,011,334"
Sarpy,"7,908,723"
Saunders,"720,890"
Scotts Bluff,"1,545,478"
Seward,"680,085"
Sheridan,"326,518"
Sherman,"118,055"
Sioux,"87,974"
Stanton,"397,532"
Thayer,"350,143"
Thomas,"39,377"
Thurston,"418,567"
Valley,"281,140"
Washington,"1,158,651"
Wayne,"466,617"
Webster,"245,776"
Wheeler,"105,708"
York,"752,185"
,
Nevada,"145,219,085"
Churchill,"1,091,509"
Clark,"100,851,947"
Douglas,"2,345,207"
Elko,"2,571,275"
Esmeralda,"37,912"
Eureka,"1,563,280"
Humboldt,"1,308,378"
Lander,"887,152"
Lincoln,"152,597"
Lyon,"1,550,248"
Mineral,"209,392"
Nye,"1,733,152"
Pershing,"366,824"
Storey,"2,103,083"
Washoe,"24,339,565"
White Pine,"771,853"
Carson City,"3,294,557"
,
New Hampshire,"75,543,120"
Belknap,"2,494,277"
Carroll,"1,957,889"
Cheshire,"3,422,121"
Coos,"1,119,293"
Grafton,"6,048,342"
Hillsborough,"25,171,675"
Merrimack,"8,755,611"
Rockingham,"19,795,363"
Strafford,"5,331,563"
Sullivan,"1,469,943"
,
New Jersey,"535,794,851"
Atlantic,"11,074,523"
Bergen,"67,864,279"
Burlington,"25,636,520"
Camden,"21,771,587"
Cape May,"4,681,281"
Cumberland,"5,691,671"
Essex,"45,044,476"
Gloucester,"14,333,814"
Hudson,"41,215,221"
Hunterdon,"6,705,487"
Mercer,"32,863,884"
Middlesex,"54,942,220"
Monmouth,"31,956,491"
Morris,"48,668,672"
Ocean,"19,049,972"
Passaic,"19,460,138"
Salem,"5,107,834"
Somerset,"37,411,453"
Sussex,"4,388,918"
Union,"34,451,422"
Warren,"3,577,374"
,
New Mexico,"92,696,527"
Bernalillo,"33,309,315"
Catron,"84,375"
Chaves,"1,928,680"
Cibola,"581,083"
Colfax,"415,371"
Curry,"2,808,826"
De Baca,"84,576"
Doña Ana,"6,542,935"
Eddy,"8,894,856"
Grant,"945,057"
Guadalupe,"129,285"
Harding,"97,377"
Hidalgo,"191,113"
Lea,"7,645,460"
Lincoln,"573,615"
Los Alamos,"2,197,163"
Luna,"772,914"
McKinley,"2,421,932"
Mora,"100,567"
Otero,"2,439,276"
Quay,"267,058"
Rio Arriba,"1,268,970"
Roosevelt,"652,064"
Sandoval,"3,611,004"
San Juan,"5,448,032"
San Miguel,"590,737"
Santa Fe,"5,688,611"
Sierra,"279,366"
Socorro,"446,118"
Taos,"853,375"
Torrance,"386,726"
Union,"226,342"
Valencia,"1,428,336"
,
New York,"1,420,141,014"
Albany,"28,190,849"
Allegany,"1,301,582"
Bronx,"36,937,647"
Broome,"7,953,015"
Cattaraugus,"2,473,111"
Cayuga,"2,580,734"
Chautauqua,"4,173,802"
Chemung,"3,320,864"
Chenango,"2,034,011"
Clinton,"3,157,655"
Columbia,"2,018,826"
Cortland,"1,617,350"
Delaware,"1,843,205"
Dutchess,"12,768,270"
Erie,"50,005,858"
Essex,"1,390,006"
Franklin,"1,675,913"
Fulton,"1,667,472"
Genesee,"2,221,676"
Greene,"1,923,862"
Hamilton,"188,821"
Herkimer,"1,641,186"
Jefferson,"5,582,717"
Kings,"86,150,658"
Lewis,"965,504"
Livingston,"1,933,895"
Madison,"2,071,689"
Monroe,"41,575,906"
Montgomery,"1,671,872"
Nassau,"83,039,972"
New York,"610,386,229"
Niagara,"8,622,002"
Oneida,"9,816,536"
Onondaga,"27,455,876"
Ontario,"5,612,777"
Orange,"17,242,096"
Orleans,"1,262,065"
Oswego,"6,224,929"
Otsego,"2,315,687"
Putnam,"3,352,365"
Queens,"82,327,855"
Rensselaer,"7,753,840"
Richmond,"14,270,355"
Rockland,"14,496,244"
St. Lawrence,"4,293,868"
Saratoga,"10,464,611"
Schenectady,"8,020,812"
Schoharie,"926,311"
Schuyler,"446,945"
Seneca,"1,345,344"
Steuben,"3,867,146"
Suffolk,"84,832,707"
Sullivan,"2,675,826"
Tioga,"1,772,731"
Tompkins,"5,343,175"
Ulster,"6,385,779"
Warren,"4,022,656"
Washington,"1,744,257"
Wayne,"3,568,970"
Westchester,"71,939,326"
Wyoming,"1,668,771"
Yates,"893,533"
,
North Carolina,"499,517,501"
Alamance,"5,553,022"
Alexander,"739,515"
Alleghany,"277,924"
Anson,"712,650"
Ashe,"710,994"
Avery,"554,003"
Beaufort,"1,749,596"
Bertie,"600,344"
Bladen,"1,298,020"
Brunswick,"4,200,007"
Buncombe,"12,841,285"
Burke,"2,272,384"
Cabarrus,"6,891,452"
Caldwell,"2,148,490"
Camden,"150,961"
Carteret,"2,207,819"
Caswell,"320,763"
Catawba,"7,814,440"
Chatham,"1,471,489"
Cherokee,"754,277"
Chowan,"546,595"
Clay,"231,176"
Cleveland,"3,776,594"
Columbus,"1,352,481"
Craven,"4,392,257"
Cumberland,"15,599,222"
Currituck,"656,211"
Dare,"1,976,167"
Davidson,"4,163,009"
Davie,"1,273,892"
Duplin,"1,868,773"
Durham,"33,605,902"
Edgecombe,"1,432,891"
Forsyth,"21,051,877"
Franklin,"1,541,637"
Gaston,"6,463,902"
Gates,"188,117"
Graham,"208,546"
Granville,"2,972,686"
Greene,"439,090"
Guilford,"29,444,965"
Halifax,"1,258,487"
Harnett,"2,302,009"
Haywood,"1,698,857"
Henderson,"3,519,817"
Hertford,"771,618"
Hoke,"1,061,625"
Hyde,"140,693"
Iredell,"8,500,010"
Jackson,"1,404,411"
Johnston,"6,448,345"
Jones,"171,331"
Lee,"2,379,246"
Lenoir,"2,568,977"
Lincoln,"2,616,143"
McDowell,"1,407,608"
Macon,"1,371,901"
Madison,"372,973"
Martin,"571,367"
Mecklenburg,"100,413,497"
Mitchell,"502,025"
Montgomery,"920,016"
Moore,"3,165,643"
Nash,"4,166,769"
New Hanover,"12,043,682"
Northampton,"495,264"
Onslow,"6,906,038"
Orange,"7,797,971"
Pamlico,"263,514"
Pasquotank,"1,352,958"
Pender,"1,420,116"
Perquimans,"265,298"
Person,"1,413,551"
Pitt,"8,122,522"
Polk,"432,302"
Randolph,"3,673,647"
Richmond,"1,690,358"
Robeson,"3,532,780"
Rockingham,"2,650,492"
Rowan,"4,760,637"
Rutherford,"1,627,406"
Sampson,"1,735,420"
Scotland,"1,005,448"
Stanly,"1,577,003"
Stokes,"927,928"
Surry,"2,134,260"
Swain,"618,762"
Transylvania,"1,649,396"
Tyrrell,"110,153"
Union,"7,126,856"
Vance,"1,090,141"
Wake,"75,462,571"
Warren,"266,467"
Washington,"229,598"
Watauga,"1,876,058"
Wayne,"4,395,751"
Wilkes,"2,091,717"
Wilson,"3,454,090"
Yadkin,"806,914"
Yancey,"381,683"
,
North Dakota,"54,581,101"
Adams,"103,690"
Barnes,"568,895"
Benson,"241,394"
Billings,"243,429"
Bottineau,"425,585"
Bowman,"274,018"
Burke,"256,602"
Burleigh,"4,868,918"
Cass,"11,614,176"
Cavalier,"404,270"
Dickey,"325,238"
Divide,"259,468"
Dunn,"2,152,350"
Eddy,"135,255"
Emmons,"204,843"
Foster,"244,224"
Golden Valley,"71,617"
Grand Forks,"3,610,506"
Grant,"113,990"
Griggs,"160,035"
Hettinger,"101,651"
Kidder,"144,443"
LaMoure,"250,877"
Logan,"123,300"
McHenry,"250,959"
McIntosh,"156,457"
McKenzie,"5,072,741"
McLean,"778,328"
Mercer,"947,513"
Morton,"1,418,179"
Mountrail,"2,455,864"
Nelson,"156,400"
Oliver,"268,456"
Pembina,"458,157"
Pierce,"205,717"
Ramsey,"572,447"
Ransom,"238,161"
Renville,"182,848"
Richland,"716,092"
Rolette,"368,282"
Sargent,"718,886"
Sheridan,"33,442"
Sioux,"133,284"
Slope,"40,956"
Stark,"2,239,401"
Steele,"164,706"
Stutsman,"1,174,349"
Towner,"191,236"
Traill,"442,424"
Walsh,"578,551"
Ward,"3,374,883"
Wells,"283,897"
Williams,"4,608,347"
,
Ohio,"589,897,695"
Adams,"681,445"
Allen,"7,480,381"
Ashland,"1,580,229"
Ashtabula,"2,710,267"
Athens,"1,806,093"
Auglaize,"1,990,718"
Belmont,"3,679,640"
Brown,"758,531"
Butler,"19,350,965"
Carroll,"1,705,810"
Champaign,"1,095,484"
Clark,"3,959,801"
Clermont,"7,788,643"
Clinton,"2,048,613"
Columbiana,"2,758,245"
Coshocton,"1,205,966"
Crawford,"1,216,192"
Cuyahoga,"84,383,428"
Darke,"1,940,795"
Defiance,"1,536,951"
Delaware,"11,274,459"
Erie,"3,769,927"
Fairfield,"4,073,207"
Fayette,"1,986,546"
Franklin,"86,194,577"
Fulton,"1,868,269"
Gallia,"1,868,859"
Geauga,"3,780,735"
Greene,"9,121,742"
Guernsey,"2,145,218"
Hamilton,"66,910,714"
Hancock,"4,780,606"
Hardin,"835,346"
Harrison,"1,611,542"
Henry,"1,355,144"
Highland,"1,180,298"
Hocking,"555,031"
Holmes,"2,239,477"
Huron,"2,035,399"
Jackson,"898,709"
Jefferson,"3,572,287"
Knox,"1,855,894"
Lake,"10,053,819"
Lawrence,"1,631,209"
Licking,"6,257,202"
Logan,"1,815,461"
Lorain,"9,335,436"
Lucas,"22,941,301"
Madison,"1,776,490"
Mahoning,"8,155,579"
Marion,"2,489,062"
Medina,"6,753,073"
Meigs,"350,571"
Mercer,"2,137,789"
Miami,"3,906,238"
Monroe,"1,903,236"
Montgomery,"25,742,853"
Morgan,"293,072"
Morrow,"626,284"
Muskingum,"3,443,837"
Noble,"639,985"
Ottawa,"1,852,975"
Paulding,"587,033"
Perry,"681,933"
Pickaway,"1,678,770"
Pike,"978,095"
Portage,"5,506,420"
Preble,"1,084,205"
Putnam,"1,167,050"
Richland,"4,123,753"
Ross,"2,523,898"
Sandusky,"2,625,496"
Scioto,"2,764,067"
Seneca,"1,778,907"
Shelby,"2,935,017"
Stark,"14,740,183"
Summit,"26,380,899"
Trumbull,"6,362,685"
Tuscarawas,"3,402,812"
Union,"4,032,266"
Van Wert,"1,153,876"
Vinton,"245,083"
Warren,"11,261,878"
Washington,"3,203,014"
Wayne,"5,736,871"
Williams,"1,592,910"
Wood,"6,750,394"
Wyandot,"935,799"
,
Oklahoma,"190,893,771"
Adair,"402,076"
Alfalfa,"266,880"
Atoka,"276,031"
Beaver,"397,573"
Beckham,"941,075"
Blaine,"391,939"
Bryan,"1,564,446"
Caddo,"759,137"
Canadian,"3,694,961"
Carter,"2,766,599"
Cherokee,"1,172,115"
Choctaw,"307,780"
Cimarron,"246,093"
Cleveland,"7,355,457"
Coal,"133,106"
Comanche,"4,406,809"
Cotton,"145,749"
Craig,"404,801"
Creek,"1,818,746"
Custer,"1,469,946"
Delaware,"820,135"
Dewey,"284,306"
Ellis,"246,303"
Garfield,"2,995,193"
Garvin,"1,362,901"
Grady,"1,443,458"
Grant,"469,803"
Greer,"104,201"
Harmon,"93,478"
Harper,"248,252"
Haskell,"305,195"
Hughes,"578,905"
Jackson,"977,675"
Jefferson,"121,582"
Johnston,"332,179"
Kay,"1,606,477"
Kingfisher,"1,159,408"
Kiowa,"267,052"
Latimer,"321,688"
Le Flore,"1,234,131"
Lincoln,"713,501"
Logan,"668,209"
Love,"415,488"
McClain,"1,031,977"
McCurtain,"928,094"
McIntosh,"325,690"
Major,"373,080"
Marshall,"430,269"
Mayes,"1,707,282"
Murray,"469,564"
Muskogee,"2,534,482"
Noble,"539,282"
Nowata,"191,244"
Okfuskee,"190,090"
Oklahoma,"62,368,364"
Okmulgee,"759,754"
Osage,"937,508"
Ottawa,"899,940"
Pawnee,"351,578"
Payne,"2,957,025"
Pittsburg,"1,532,975"
Pontotoc,"1,767,778"
Pottawatomie,"1,913,275"
Pushmataha,"202,974"
Roger Mills,"131,860"
Rogers,"2,760,656"
Seminole,"675,733"
Sequoyah,"687,182"
Stephens,"1,421,533"
Texas,"1,924,425"
Tillman,"169,453"
Tulsa,"44,021,322"
Wagoner,"1,227,918"
Washington,"7,628,193"
Washita,"223,566"
Woods,"887,844"
Woodward,"1,041,925"
,
Oregon,"212,849,691"
Baker,"566,584"
Benton,"4,142,751"
Clackamas,"19,207,370"
Clatsop,"1,578,795"
Columbia,"1,189,843"
Coos,"2,086,925"
Crook,"803,303"
Curry,"596,901"
Deschutes,"9,133,234"
Douglas,"3,265,863"
Gilliam,"277,859"
Grant,"238,731"
Harney,"273,806"
Hood River,"1,103,382"
Jackson,"8,072,936"
Jefferson,"683,962"
Josephine,"2,563,401"
Klamath,"2,131,403"
Lake,"312,703"
Lane,"13,941,445"
Lincoln,"1,543,045"
Linn,"4,415,386"
Malheur,"1,256,863"
Marion,"14,433,882"
Morrow,"1,453,451"
Multnomah,"57,848,205"
Polk,"1,842,234"
Sherman,"523,560"
Tillamook,"1,082,894"
Umatilla,"3,039,111"
Union,"888,849"
Wallowa,"300,927"
Wasco,"1,659,771"
Washington,"47,047,566"
Wheeler,"29,155"
Yamhill,"3,456,260"
,
Pennsylvania,"683,773,852"
Adams,"3,371,677"
Allegheny,"88,357,285"
Armstrong,"1,986,395"
Beaver,"6,327,316"
Bedford,"1,346,262"
Berks,"17,992,564"
Blair,"5,309,986"
Bradford,"4,083,492"
Bucks,"30,353,645"
Butler,"10,266,457"
Cambria,"4,281,428"
Cameron,"222,112"
Carbon,"2,358,541"
Centre,"7,697,375"
Chester,"40,528,345"
Clarion,"1,101,756"
Clearfield,"2,538,760"
Clinton,"1,504,694"
Columbia,"2,206,357"
Crawford,"2,748,233"
Cumberland,"14,341,823"
Dauphin,"19,732,682"
Delaware,"30,084,204"
Elk,"1,358,600"
Erie,"10,149,365"
Fayette,"4,112,114"
Forest,"226,818"
Franklin,"5,439,106"
Fulton,"570,774"
Greene,"3,468,378"
Huntingdon,"1,177,114"
Indiana,"3,403,170"
Jefferson,"1,416,151"
Juniata,"727,860"
Lackawanna,"8,666,995"
Lancaster,"25,958,178"
Lawrence,"2,858,635"
Lebanon,"5,551,749"
Lehigh,"21,044,010"
Luzerne,"13,472,548"
Lycoming,"5,666,885"
McKean,"2,339,941"
Mercer,"3,889,575"
Mifflin,"1,685,055"
Monroe,"6,513,320"
Montgomery,"70,760,003"
Montour,"1,786,075"
Northampton,"13,907,705"
Northumberland,"2,760,257"
Perry,"856,862"
Philadelphia,"96,798,534"
Pike,"1,235,450"
Potter,"907,942"
Schuylkill,"4,481,675"
Snyder,"1,430,751"
Somerset,"2,333,065"
Sullivan,"414,517"
Susquehanna,"3,443,728"
Tioga,"1,776,731"
Union,"1,717,297"
Venango,"1,800,776"
Warren,"1,749,534"
Washington,"12,061,212"
Wayne,"1,619,233"
Westmoreland,"13,153,585"
Wyoming,"1,850,019"
York,"18,431,611"
,
Rhode Island,"51,415,140"
Bristol,"1,630,777"
Kent,"8,093,710"
Newport,"5,512,165"
Providence,"30,286,292"
Washington,"5,891,347"
,
South Carolina,"208,480,455"
Abbeville,"561,959"
Aiken,"6,171,065"
Allendale,"241,494"
Anderson,"6,438,961"
Bamberg,"307,948"
Barnwell,"428,339"
Beaufort,"7,165,794"
Berkeley,"7,636,688"
Calhoun,"550,583"
Charleston,"27,712,434"
Cherokee,"1,581,424"
Chester,"1,038,313"
Chesterfield,"1,372,890"
Clarendon,"551,367"
Colleton,"840,543"
Darlington,"2,439,294"
Dillon,"690,522"
Dorchester,"3,499,327"
Edgefield,"544,576"
Fairfield,"927,519"
Florence,"6,267,693"
Georgetown,"2,255,834"
Greenville,"28,647,312"
Greenwood,"2,649,505"
Hampton,"423,261"
Horry,"11,725,261"
Jasper,"1,089,550"
Kershaw,"1,707,215"
Lancaster,"3,704,550"
Laurens,"1,943,066"
Lee,"312,305"
Lexington,"11,819,550"
McCormick,"199,255"
Marion,"538,719"
Marlboro,"652,472"
Newberry,"1,297,680"
Oconee,"3,405,936"
Orangeburg,"2,469,815"
Pickens,"3,558,134"
Richland,"22,407,290"
Saluda,"427,234"
Spartanburg,"14,020,209"
Sumter,"3,737,952"
Union,"676,653"
Williamsburg,"668,639"
York,"11,234,835"
,
South Dakota,"46,682,738"
Aurora,"100,323"
Beadle,"851,237"
Bennett,"100,320"
Bon Homme,"190,726"
Brookings,"1,927,618"
Brown,"2,171,345"
Brule,"232,234"
Buffalo,"81,624"
Butte,"283,202"
Campbell,"115,005"
Charles Mix,"424,537"
Clark,"295,806"
Clay,"501,266"
Codington,"1,365,084"
Corson,"87,679"
Custer,"205,201"
Davison,"1,028,685"
Day,"322,575"
Deuel,"285,453"
Dewey,"225,670"
Douglas,"179,295"
Edmunds,"239,987"
Fall River,"216,815"
Faulk,"158,847"
Grant,"478,004"
Gregory,"153,674"
Haakon,"113,371"
Hamlin,"274,509"
Hand,"189,800"
Hanson,"139,367"
Harding,"70,692"
Hughes,"1,045,123"
Hutchinson,"326,705"
Hyde,"101,003"
Jackson,"63,744"
Jerauld,"139,080"
Jones,"49,413"
Kingsbury,"299,631"
Lake,"543,461"
Lawrence,"973,874"
Lincoln,"2,846,430"
Lyman,"156,025"
McCook,"230,033"
McPherson,"144,115"
Marshall,"324,914"
Meade,"781,832"
Mellette,"32,464"
Miner,"105,045"
Minnehaha,"14,713,252"
Moody,"348,434"
Oglala Lakota,"318,075"
Pennington,"5,002,648"
Perkins,"132,517"
Potter,"160,595"
Roberts,"385,812"
Sanborn,"131,684"
Spink,"452,107"
Stanley,"107,577"
Sully,"141,994"
Todd,"204,585"
Tripp,"237,247"
Turner,"368,610"
Union,"1,394,167"
Walworth,"234,277"
Yankton,"1,161,283"
Ziebach,"51,503"
,
Tennessee,"316,325,345"
Anderson,"4,472,474"
Bedford,"1,768,188"
Benton,"310,284"
Bledsoe,"190,207"
Blount,"5,142,681"
Bradley,"3,951,977"
Campbell,"872,440"
Cannon,"228,621"
Carroll,"530,204"
Carter,"904,388"
Cheatham,"1,024,076"
Chester,"297,064"
Claiborne,"685,543"
Clay,"152,341"
Cocke,"674,678"
Coffee,"2,656,379"
Crockett,"501,513"
Cumberland,"1,491,321"
Davidson,"60,309,852"
Decatur,"267,454"
DeKalb,"583,811"
Dickson,"1,754,677"
Dyer,"1,505,790"
Fayette,"951,977"
Fentress,"418,558"
Franklin,"1,035,573"
Gibson,"1,272,853"
Giles,"988,291"
Grainger,"377,608"
Greene,"2,066,215"
Grundy,"211,012"
Hamblen,"2,662,621"
Hamilton,"22,581,396"
Hancock,"72,852"
Hardeman,"506,489"
Hardin,"840,834"
Hawkins,"1,356,046"
Haywood,"565,029"
Henderson,"602,941"
Henry,"1,062,972"
Hickman,"409,446"
Houston,"126,747"
Humphreys,"614,438"
Jackson,"194,956"
Jefferson,"1,463,687"
Johnson,"359,269"
Knox,"24,085,375"
Lake,"118,708"
Lauderdale,"628,612"
Lawrence,"938,694"
Lewis,"247,363"
Lincoln,"897,575"
Loudon,"1,883,046"
McMinn,"1,901,178"
McNairy,"497,718"
Macon,"477,249"
Madison,"5,381,593"
Marion,"701,355"
Marshall,"1,138,677"
Maury,"3,725,221"
Meigs,"226,348"
Monroe,"1,227,178"
Montgomery,"4,979,353"
Moore,"452,741"
Morgan,"271,348"
Obion,"1,081,824"
Overton,"491,508"
Perry,"158,587"
Pickett,"122,825"
Polk,"255,729"
Putnam,"3,058,788"
Rhea,"1,451,092"
Roane,"2,307,569"
Robertson,"2,242,846"
Rutherford,"15,177,427"
Scott,"499,813"
Sequatchie,"258,140"
Sevier,"3,566,399"
Shelby,"55,126,272"
Smith,"645,015"
Stewart,"650,214"
Sullivan,"6,559,245"
Sumner,"5,923,814"
Tipton,"1,068,175"
Trousdale,"165,347"
Unicoi,"448,514"
Union,"278,773"
Van Buren,"82,597"
Warren,"1,307,192"
Washington,"5,382,599"
Wayne,"297,224"
Weakley,"1,126,179"
White,"619,579"
Williamson,"20,312,776"
Wilson,"4,860,387"
,
Texas,"1,734,321,101"
Anderson,"1,862,626"
Andrews,"4,123,206"
Angelina,"2,953,591"
Aransas,"623,869"
Archer,"341,083"
Armstrong,"67,564"
Atascosa,"3,705,898"
Austin,"1,366,143"
Bailey,"427,114"
Bandera,"382,988"
Bastrop,"2,245,470"
Baylor,"180,357"
Bee,"752,157"
Bell,"15,353,319"
Bexar,"94,233,083"
Blanco,"399,738"
Borden,"722,142"
Bosque,"563,788"
Bowie,"3,206,085"
Brazoria,"15,032,084"
Brazos,"9,620,229"
Brewster,"369,787"
Briscoe,"95,319"
Brooks,"330,654"
Brown,"1,293,877"
Burleson,"1,495,260"
Burnet,"1,530,796"
Caldwell,"924,603"
Calhoun,"3,308,408"
Callahan,"294,010"
Cameron,"10,077,503"
Camp,"333,732"
Carson,"955,220"
Cass,"810,664"
Castro,"735,191"
Chambers,"2,431,029"
Cherokee,"1,389,321"
Childress,"223,431"
Clay,"258,930"
Cochran,"393,509"
Coke,"125,001"
Coleman,"219,545"
Collin,"65,098,585"
Collingsworth,"74,745"
Colorado,"810,839"
Comal,"6,032,698"
Comanche,"459,602"
Concho,"137,765"
Cooke,"2,162,701"
Coryell,"1,465,314"
Cottle,"79,331"
Crane,"1,026,365"
Crockett,"1,242,701"
Crosby,"308,163"
Culberson,"2,210,531"
Dallam,"725,495"
Dallas,"239,705,547"
Dawson,"835,144"
Deaf Smith,"1,470,419"
Delta,"103,743"
Denton,"34,594,470"
DeWitt,"5,046,274"
Dickens,"126,730"
Dimmit,"4,221,673"
Donley,"140,226"
Duval,"364,462"
Eastland,"763,674"
Ector,"11,190,764"
Edwards,"95,546"
Ellis,"6,059,144"
El Paso,"29,540,504"
Erath,"1,503,316"
Falls,"397,223"
Fannin,"868,567"
Fayette,"1,620,725"
Fisher,"280,304"
Floyd,"290,510"
Foard,"109,354"
Fort Bend,"27,854,681"
Franklin,"430,682"
Freestone,"1,284,749"
Frio,"1,232,086"
Gaines,"2,976,855"
Galveston,"16,310,246"
Garza,"313,169"
Gillespie,"995,125"
Glasscock,"4,879,207"
Goliad,"291,294"
Gonzales,"4,155,550"
Gray,"979,058"
Grayson,"4,778,611"
Gregg,"6,672,943"
Grimes,"1,008,055"
Guadalupe,"7,475,402"
Hale,"1,301,424"
Hall,"79,476"
Hamilton,"260,759"
Hansford,"576,765"
Hardeman,"239,058"
Hardin,"1,265,880"
Harris,"359,650,873"
Harrison,"4,293,290"
Hartley,"820,817"
Haskell,"371,494"
Hays,"7,259,008"
Hemphill,"780,007"
Henderson,"1,795,455"
Hidalgo,"19,817,948"
Hill,"950,932"
Hockley,"2,013,359"
Hood,"2,147,967"
Hopkins,"1,522,055"
Houston,"1,006,784"
Howard,"7,463,096"
Hudspeth,"183,240"
Hunt,"3,791,069"
Hutchinson,"7,465,837"
Irion,"1,724,602"
Jack,"548,253"
Jackson,"674,231"
Jasper,"921,514"
Jeff Davis,"82,230"
Jefferson,"20,688,536"
Jim Hogg,"205,106"
Jim Wells,"1,235,250"
Johnson,"6,443,442"
Jones,"427,890"
Karnes,"9,430,808"
Kaufman,"3,578,188"
Kendall,"1,900,620"
Kenedy,"270,987"
Kent,"285,089"
Kerr,"1,921,027"
Kimble,"143,089"
King,"138,739"
Kinney,"107,087"
Kleberg,"1,066,629"
Knox,"164,207"
Lamar,"2,441,823"
Lamb,"724,220"
Lampasas,"475,020"
La Salle,"6,816,675"
Lavaca,"1,486,598"
Lee,"906,215"
Leon,"895,407"
Liberty,"2,057,299"
Limestone,"1,375,280"
Lipscomb,"761,579"
Live Oak,"2,012,592"
Llano,"711,981"
Loving,"8,852,569"
Lubbock,"12,345,877"
Lynn,"328,073"
McCulloch,"301,902"
McLennan,"11,394,096"
McMullen,"2,496,801"
Madison,"795,861"
Marion,"263,934"
Martin,"11,631,421"
Mason,"123,837"
Matagorda,"2,158,531"
Maverick,"1,537,391"
Medina,"1,002,025"
Menard,"53,745"
Midland,"27,249,485"
Milam,"568,603"
Mills,"201,806"
Mitchell,"436,932"
Montague,"876,047"
Montgomery,"27,612,881"
Moore,"3,053,944"
Morris,"630,144"
Motley,"38,411"
Nacogdoches,"2,536,876"
Navarro,"1,481,373"
Newton,"483,167"
Nolan,"984,130"
Nueces,"18,938,817"
Ochiltree,"1,134,754"
Oldham,"378,965"
Orange,"3,207,959"
Palo Pinto,"999,323"
Panola,"3,088,166"
Parker,"4,402,190"
Parmer,"1,009,325"
Pecos,"3,640,749"
Polk,"1,271,294"
Potter,"7,693,494"
Presidio,"248,095"
Rains,"208,186"
Randall,"3,675,465"
Reagan,"5,259,035"
Real,"67,622"
Red River,"314,904"
Reeves,"12,880,078"
Refugio,"414,289"
Roberts,"822,998"
Robertson,"3,153,135"
Rockwall,"3,571,496"
Runnels,"309,775"
Rusk,"2,747,437"
Sabine,"226,682"
San Augustine,"1,177,440"
San Jacinto,"372,988"
San Patricio,"2,616,235"
San Saba,"159,144"
Schleicher,"193,064"
Scurry,"2,079,736"
Shackelford,"239,726"
Shelby,"1,329,658"
Sherman,"513,960"
Smith,"10,703,018"
Somervell,"1,201,072"
Starr,"1,443,062"
Stephens,"532,372"
Sterling,"321,389"
Stonewall,"182,674"
Sutton,"298,399"
Swisher,"464,291"
Tarrant,"106,112,067"
Taylor,"6,311,829"
Terrell,"141,616"
Terry,"686,699"
Throckmorton,"102,212"
Titus,"1,729,882"
Tom Green,"5,512,365"
Travis,"115,792,021"
Trinity,"242,243"
Tyler,"438,022"
Upshur,"843,333"
Upton,"7,523,215"
Uvalde,"865,667"
Val Verde,"1,571,222"
Van Zandt,"1,152,647"
Victoria,"3,755,181"
Walker,"1,992,807"
Waller,"2,629,926"
Ward,"4,435,082"
Washington,"1,717,100"
Webb,"12,152,308"
Wharton,"1,914,285"
Wheeler,"821,302"
Wichita,"5,257,261"
Wilbarger,"717,987"
Willacy,"519,082"
Williamson,"22,642,842"
Wilson,"1,113,996"
Winkler,"2,180,519"
Wise,"3,222,100"
Wood,"1,707,360"
Yoakum,"2,674,793"
Young,"830,728"
Zapata,"759,737"
Zavala,"909,302"
,
Utah,"171,370,106"
Beaver,"386,880"
Box Elder,"2,363,802"
Cache,"5,318,251"
Carbon,"1,142,554"
Daggett,"120,812"
Davis,"14,549,508"
Duchesne,"1,101,578"
Emery,"892,903"
Garfield,"244,793"
Grand,"564,401"
Iron,"1,723,245"
Juab,"478,906"
Kane,"327,254"
Millard,"826,285"
Morgan,"288,741"
Piute,"60,477"
Rich,"143,047"
Salt Lake,"86,272,939"
San Juan,"453,246"
Sanpete,"847,901"
Sevier,"1,193,005"
Summit,"2,934,507"
Tooele,"1,904,150"
Uintah,"1,671,998"
Utah,"27,406,079"
Wasatch,"907,763"
Washington,"6,111,685"
Wayne,"107,599"
Weber,"10,656,466"
,
Vermont,"28,648,501"
Addison,"1,512,084"
Bennington,"1,450,989"
Caledonia,"995,643"
Chittenden,"10,104,070"
Essex,"139,044"
Franklin,"1,935,667"
Grand Isle,"177,350"
Lamoille,"953,731"
Orange,"718,858"
Orleans,"955,054"
Rutland,"2,210,718"
Washington,"3,299,058"
Windham,"1,941,737"
Windsor,"2,267,880"
,
Virginia,"473,817,451"
Accomack,"1,656,169"
Amelia,"256,072"
Amherst,"709,618"
Appomattox,"281,105"
Arlington,"32,373,194"
Bath,"197,150"
Bedford,"1,749,888"
Bland,"202,658"
Botetourt,"1,108,120"
Brunswick,"772,591"
Buchanan,"996,527"
Buckingham,"504,888"
Caroline,"700,613"
Charles City,"205,215"
Charlotte,"215,249"
Chesterfield,"14,108,497"
Clarke,"410,669"
Craig,"87,272"
Culpeper,"1,659,574"
Cumberland,"131,280"
Dickenson,"592,527"
Essex,"332,796"
Fauquier,"2,481,178"
Floyd,"323,558"
Fluvanna,"762,339"
Franklin,"1,368,696"
Giles,"468,478"
Gloucester,"797,129"
Goochland,"2,366,289"
Grayson,"246,780"
Greene,"402,655"
Halifax,"1,042,197"
Hanover,"5,219,160"
Henrico,"25,429,567"
Highland,"67,698"
Isle of Wight,"1,268,654"
King and Queen,"132,230"
King George,"1,863,791"
King William,"465,660"
Lancaster,"392,674"
Lee,"362,390"
Loudoun,"25,471,303"
Louisa,"1,985,543"
Lunenburg,"223,151"
Madison,"315,583"
Mathews,"190,398"
Mecklenburg,"891,154"
Middlesex,"325,568"
Nelson,"473,468"
New Kent,"529,313"
Northampton,"513,723"
Northumberland,"400,948"
Nottoway,"458,838"
Orange,"1,030,798"
Page,"567,827"
Patrick,"365,421"
Powhatan,"709,355"
Prince Edward,"639,857"
Pulaski,"1,157,014"
Rappahannock,"279,438"
Richmond,"265,634"
Russell,"586,286"
Scott,"356,630"
Shenandoah,"1,608,893"
Smyth,"892,718"
Stafford,"5,232,767"
Surry,"1,043,411"
Sussex,"336,774"
Tazewell,"1,068,945"
Warren,"1,604,534"
Westmoreland,"452,358"
Wythe,"1,174,737"
Independent cities,
Alexandria,"12,717,905"
Chesapeake,"9,245,880"
Hampton,"5,961,992"
Newport News,"11,074,397"
Norfolk,"16,538,166"
Portsmouth,"5,397,171"
Richmond,"20,351,928"
Roanoke,"6,220,609"
Suffolk,"3,596,378"
Virginia Beach,"19,347,452"
Combination areas2,
Albemarle + Charlottesville,"10,310,276"
Alleghany + Covington,"774,533"
"Augusta, Staunton + Waynesboro","4,609,829"
Campbell + Lynchburg,"6,289,917"
Carroll + Galax,"837,959"
"Dinwiddie, Colonial Heights + Petersburg","2,517,728"
"Fairfax, Fairfax City + Falls Church","111,485,438"
Frederick + Winchester,"6,049,511"
Greensville + Emporia,"1,221,340"
Henry + Martinsville,"1,989,417"
James City + Williamsburg,"4,448,308"
Montgomery + Radford,"4,629,063"
Pittsylvania + Danville,"3,074,152"
Prince George + Hopewell,"3,570,131"
"Prince William, Manassas + Manassas Park","19,098,906"
Roanoke + Salem,"5,348,757"
"Rockbridge, Buena Vista + Lexington","1,110,828"
Rockingham + Harrisonburg,"7,277,406"
Southampton + Franklin,"705,192"
Spotsylvania + Fredericksburg,"5,542,813"
Washington + Bristol,"3,060,030"
Wise + Norton,"1,319,560"
York + Poquoson,"2,353,079"
,
Washington,"532,861,932"
Adams,"979,179"
Asotin,"607,737"
Benton,"10,720,964"
Chelan,"4,106,130"
Clallam,"2,242,717"
Clark,"19,525,979"
Columbia,"324,842"
Cowlitz,"4,467,111"
Douglas,"1,677,969"
Ferry,"190,734"
Franklin,"3,681,256"
Garfield,"151,519"
Grant,"5,886,898"
Grays Harbor,"2,112,178"
Island,"2,955,560"
Jefferson,"963,548"
King,"297,082,414"
Kitsap,"11,337,915"
Kittitas,"1,601,391"
Klickitat,"1,442,939"
Lewis,"2,923,791"
Lincoln,"473,108"
Mason,"1,422,016"
Okanogan,"1,449,508"
Pacific,"632,682"
Pend Oreille,"458,217"
Pierce,"39,229,897"
San Juan,"674,873"
Skagit,"6,734,062"
Skamania,"253,310"
Snohomish,"42,223,516"
Spokane,"23,271,174"
Stevens,"998,980"
Thurston,"12,241,719"
Wahkiakum,"84,479"
Walla Walla,"3,012,455"
Whatcom,"12,901,131"
Whitman,"2,287,089"
Yakima,"10,008,896"
,
West Virginia,"69,711,564"
Barbour,"409,861"
Berkeley,"3,531,399"
Boone,"599,585"
Braxton,"273,947"
Brooke,"988,117"
Cabell,"4,343,283"
Calhoun,"106,224"
Clay,"117,988"
Doddridge,"1,952,356"
Fayette,"926,824"
Gilmer,"176,909"
Grant,"416,204"
Greenbrier,"996,765"
Hampshire,"375,423"
Hancock,"1,089,022"
Hardy,"509,266"
Harrison,"4,146,374"
Jackson,"846,353"
Jefferson,"1,503,131"
Kanawha,"9,254,896"
Lewis,"548,543"
Lincoln,"235,360"
Logan,"1,167,130"
McDowell,"530,127"
Marion,"2,094,660"
Marshall,"2,637,314"
Mason,"702,117"
Mercer,"1,469,976"
Mineral,"705,451"
Mingo,"500,667"
Monongalia,"5,932,568"
Monroe,"174,239"
Morgan,"283,461"
Nicholas,"554,836"
Ohio,"3,297,437"
Pendleton,"127,906"
Pleasants,"405,139"
Pocahontas,"231,483"
Preston,"664,942"
Putnam,"2,520,702"
Raleigh,"2,723,082"
Randolph,"771,061"
Ritchie,"786,260"
Roane,"269,427"
Summers,"183,476"
Taylor,"553,823"
Tucker,"291,391"
Tyler,"779,077"
Upshur,"664,516"
Wayne,"918,008"
Webster,"139,930"
Wetzel,"1,495,328"
Wirt,"58,415"
Wood,"2,975,660"
Wyoming,"559,985"
,
Wisconsin,"291,715,832"
Adams,"545,866"
Ashland,"627,256"
Barron,"1,933,072"
Bayfield,"396,347"
Brown,"16,148,050"
Buffalo,"482,086"
Burnett,"475,245"
Calumet,"1,504,719"
Chippewa,"2,672,314"
Clark,"1,293,271"
Columbia,"2,540,063"
Crawford,"654,376"
Dane,"39,762,409"
Dodge,"3,328,032"
Door,"1,170,157"
Douglas,"1,666,269"
Dunn,"1,703,772"
Eau Claire,"5,675,015"
Florence,"118,284"
Fond du Lac,"4,589,060"
Forest,"258,107"
Grant,"2,106,613"
Green,"1,630,984"
Green Lake,"577,433"
Iowa,"1,037,643"
Iron,"153,000"
Jackson,"754,391"
Jefferson,"3,111,175"
Juneau,"836,336"
Kenosha,"6,360,934"
Kewaunee,"756,928"
La Crosse,"6,574,368"
Lafayette,"597,346"
Langlade,"679,209"
Lincoln,"1,117,980"
Manitowoc,"3,554,159"
Marathon,"7,774,222"
Marinette,"1,801,756"
Marquette,"384,874"
Menominee,"134,353"
Milwaukee,"50,038,904"
Monroe,"2,052,068"
Oconto,"947,095"
Oneida,"1,505,301"
Outagamie,"11,331,407"
Ozaukee,"4,788,860"
Pepin,"270,884"
Pierce,"1,095,230"
Polk,"1,431,579"
Portage,"3,699,930"
Price,"541,486"
Racine,"7,079,117"
Richland,"667,432"
Rock,"6,699,177"
Rusk,"497,322"
St. Croix,"3,600,070"
Sauk,"3,200,415"
Sawyer,"594,006"
Shawano,"1,255,543"
Sheboygan,"6,277,392"
Taylor,"823,094"
Trempealeau,"1,182,907"
Vernon,"983,965"
Vilas,"810,592"
Walworth,"3,908,353"
Washburn,"547,777"
Washington,"5,955,195"
Waukesha,"27,181,717"
Waupaca,"1,847,360"
Waushara,"587,824"
Winnebago,"9,302,102"
Wood,"3,588,744"
,
Wyoming,"36,256,668"
Albany,"1,321,232"
Big Horn,"502,426"
Campbell,"4,947,619"
Carbon,"1,734,056"
Converse,"1,506,663"
Crook,"296,615"
Fremont,"1,537,387"
Goshen,"452,666"
Hot Springs,"263,097"
Johnson,"448,887"
Laramie,"5,400,312"
Lincoln,"883,292"
Natrona,"4,994,498"
Niobrara,"129,119"
Park,"1,355,319"
Platte,"500,504"
Sheridan,"1,283,784"
Sublette,"1,620,688"
Sweetwater,"3,278,745"
Teton,"2,175,642"
Uinta,"790,528"
Washakie,"336,909"
Weston,"312,665"
