area,county,precipitation
AL-001,Autauga County,68.69
AL-003,Baldwin County,63.27
AL-005,Barbour County,69.05
AL-007,Bibb County,67.36
AL-009,Blount County,71.47
AL-011,Bullock County,64.82
AL-013,Butler County,64.42
AL-015,Calhoun County,68.91
AL-017,Chambers County,71.1
AL-019,Cherokee County,70.15
AL-021,Chilton County,70.76
AL-023,Choctaw County,66.92
AL-025,Clarke County,56.94
AL-027,Clay County,76.01
AL-029,Cleburne County,70.81
AL-031,Coffee County,63.19
AL-033,Colbert County,78.06
AL-035,Conecuh County,64.65
AL-037,Coosa County,77.34
AL-039,Covington County,65.58
AL-041,Crenshaw County,64.02
AL-043,Cullman County,71.26
AL-045,Dale County,65.48
AL-047,Dallas County,59.46
AL-049,DeKalb County,73.81
AL-051,Elmore County,70.94
AL-053,Escambia County,67.01
AL-055,Etowah County,71.27
AL-057,Fayette County,74.07
AL-059,Franklin County,80.53
AL-061,Geneva County,69.16
AL-063,Greene County,70.44
AL-065,Hale County,66.83
AL-067,Henry County,69.38
AL-069,Houston County,67.27
AL-071,Jackson County,79.83
AL-073,Jefferson County,70.32
AL-075,Lamar County,75.8
AL-077,Lauderdale County,75.37
AL-079,Lawrence County,75.76
AL-081,Lee County,71.43
AL-083,Limestone County,71.29
AL-085,Lowndes County,65.17
AL-087,Macon County,66.35
AL-089,Madison County,74.8
AL-091,Marengo County,58.83
AL-093,Marion County,79.94
AL-095,Marshall County,72.97
AL-097,Mobile County,58.19
AL-099,Monroe County,61.12
AL-101,Montgomery County,65.99
AL-103,Morgan County,71.19
AL-105,Perry County,59.66
AL-107,Pickens County,76.15
AL-109,Pike County,63.57
AL-111,Randolph County,70.91
AL-113,Russell County,67.52
AL-115,St. Clair County,72.59
AL-117,Shelby County,71.51
AL-119,Sumter County,65.74
AL-121,Talladega County,73.96
AL-123,Tallapoosa County,73.33
AL-125,Tuscaloosa County,69.42
AL-127,Walker County,72.03
AL-129,Washington County,63.38
AL-131,Wilcox County,58.02
AL-133,Winston County,77.12
AZ-001,Apache County,7.69
AZ-003,Cochise County,9.43
AZ-005,Coconino County,5.63
AZ-007,Gila County,10.19
AZ-009,Graham County,8.25
AZ-011,Greenlee County,9.66
AZ-012,La Paz County,3.64
AZ-013,Maricopa County,5.19
AZ-015,Mohave County,6.2
AZ-017,Navajo County,6.51
AZ-019,Pima County,5.6
AZ-021,Pinal County,4.96
AZ-023,Santa Cruz County,11.35
AZ-025,Yavapai County,8.54
AZ-027,Yuma County,3.53
AR-001,Arkansas County,60.62
AR-003,Ashley County,71.36
AR-005,Baxter County,56.24
AR-007,Benton County,53.73
AR-009,Boone County,55.29
AR-011,Bradley County,73.73
AR-013,Calhoun County,73.67
AR-015,Carroll County,55.18
AR-017,Chicot County,67.94
AR-019,Clark County,73.09
AR-021,Clay County,55.59
AR-023,Cleburne County,57.68
AR-025,Cleveland County,75.95
AR-027,Columbia County,69.73
AR-029,Conway County,57.52
AR-031,Craighead County,58.28
AR-033,Crawford County,61.48
AR-035,Crittenden County,58.85
AR-037,Cross County,61.16
AR-039,Dallas County,74.64
AR-041,Desha County,62.82
AR-043,Drew County,71.43
AR-045,Faulkner County,60.03
AR-047,Franklin County,62.89
AR-049,Fulton County,57.47
AR-051,Garland County,65.27
AR-053,Grant County,72.08
AR-055,Greene County,56.89
AR-057,Hempstead County,71.22
AR-059,Hot Spring County,69.02
AR-061,Howard County,75.49
AR-063,Independence County,59.04
AR-065,Izard County,55.61
AR-067,Jackson County,58.74
AR-069,Jefferson County,68.2
AR-071,Johnson County,62.7
AR-073,Lafayette County,71.69
AR-075,Lawrence County,58.87
AR-077,Lee County,60.78
AR-079,Lincoln County,69.38
AR-081,Little River County,70.53
AR-083,Logan County,64.9
AR-085,Lonoke County,65.56
AR-087,Madison County,57.02
AR-089,Marion County,55.64
AR-091,Miller County,70.72
AR-093,Mississippi County,52.17
AR-095,Monroe County,58.54
AR-097,Montgomery County,80.81
AR-099,Nevada County,69.92
AR-101,Newton County,56.19
AR-103,Ouachita County,67.17
AR-105,Perry County,58.95
AR-107,Phillips County,59.19
AR-109,Pike County,78.78
AR-111,Poinsett County,58.77
AR-113,Polk County,77.62
AR-115,Pope County,60.53
AR-117,Prairie County,62.61
AR-119,Pulaski County,62.81
AR-121,Randolph County,57.28
AR-123,St. Francis County,60.47
AR-125,Saline County,63.84
AR-127,Scott County,75.48
AR-129,Searcy County,51.99
AR-131,Sebastian County,69.82
AR-133,Sevier County,74.81
AR-135,Sharp County,59.9
AR-137,Stone County,55.82
AR-139,Union County,71.78
AR-141,Van Buren County,57
AR-143,Washington County,54.29
AR-145,White County,59.44
AR-147,Woodruff County,57.33
AR-149,Yell County,62.09
CA-001,Alameda County,8.42
CA-003,Alpine County,20.43
CA-005,Amador County,20.32
CA-007,Butte County,19.16
CA-009,Calaveras County,18.94
CA-011,Colusa County,6.88
CA-013,Contra Costa County,7.23
CA-015,Del Norte County,55.96
CA-017,El Dorado County,25.9
CA-019,Fresno County,9.62
CA-021,Glenn County,7.22
CA-023,Humboldt County,37.67
CA-025,Imperial County,2.69
CA-027,Inyo County,2.99
CA-029,Kern County,6.05
CA-031,Kings County,4.54
CA-033,Lake County,17.02
CA-035,Lassen County,10.81
CA-037,Los Angeles County,10.89
CA-039,Madera County,11.06
CA-041,Marin County,13.07
CA-043,Mariposa County,15.78
CA-045,Mendocino County,22.11
CA-047,Merced County,5.77
CA-049,Modoc County,12.92
CA-051,Mono County,7.71
CA-053,Monterey County,10.21
CA-055,Napa County,10.32
CA-057,Nevada County,27.42
CA-059,Orange County,9.57
CA-061,Placer County,24.95
CA-063,Plumas County,21.66
CA-065,Riverside County,6.62
CA-067,Sacramento County,8.06
CA-069,San Benito County,8.72
CA-071,San Bernardino County,4.44
CA-073,San Diego County,11.35
CA-075,San Francisco County,9.44
CA-077,San Joaquin County,6.6
CA-079,San Luis Obispo County,9.31
CA-081,San Mateo County,10.95
CA-083,Santa Barbara County,11.34
CA-085,Santa Clara County,12.47
CA-087,Santa Cruz County,14.51
CA-089,Shasta County,23.3
CA-091,Sierra County,24.33
CA-093,Siskiyou County,23.22
CA-095,Solano County,6.51
CA-097,Sonoma County,14.86
CA-099,Stanislaus County,6.78
CA-101,Sutter County,6.57
CA-103,Tehama County,16.5
CA-105,Trinity County,28.14
CA-107,Tulare County,11.61
CA-109,Tuolumne County,21.07
CA-111,Ventura County,12.1
CA-113,Yolo County,6.36
CA-115,Yuba County,18.02
CO-001,Adams County,10.42
CO-003,Alamosa County,8.44
CO-005,Arapahoe County,10.32
CO-007,Archuleta County,13.7
CO-009,Baca County,10.75
CO-011,Bent County,9.86
CO-013,Boulder County,15.95
CO-014,Broomfield County,11.41
CO-015,Chaffee County,13.29
CO-017,Cheyenne County,8.44
CO-019,Clear Creek County,20.74
CO-021,Conejos County,12.09
CO-023,Costilla County,12.53
CO-025,Crowley County,9.42
CO-027,Custer County,14.7
CO-029,Delta County,9.98
CO-031,Denver County,10.07
CO-033,Dolores County,12.45
CO-035,Douglas County,11.77
CO-037,Eagle County,18.32
CO-039,Elbert County,11.47
CO-041,El Paso County,10.69
CO-043,Fremont County,10.76
CO-045,Garfield County,14.19
CO-047,Gilpin County,17.83
CO-049,Grand County,17.46
CO-051,Gunnison County,16.87
CO-053,Hinsdale County,20.3
CO-055,Huerfano County,11.48
CO-057,Jackson County,18.14
CO-059,Jefferson County,13.02
CO-061,Kiowa County,8.95
CO-063,Kit Carson County,10.87
CO-065,Lake County,21.81
CO-067,La Plata County,12.25
CO-069,Larimer County,15.83
CO-071,Las Animas County,10.07
CO-073,Lincoln County,9.34
CO-075,Logan County,10.72
CO-077,Mesa County,9.47
CO-079,Mineral County,17.74
CO-081,Moffat County,10.52
CO-083,Montezuma County,8.38
CO-085,Montrose County,7.81
CO-087,Morgan County,10.68
CO-089,Otero County,10.27
CO-091,Ouray County,14.61
CO-093,Park County,13.53
CO-095,Phillips County,11.74
CO-097,Pitkin County,22.64
CO-099,Prowers County,10.28
CO-101,Pueblo County,8.6
CO-103,Rio Blanco County,13.06
CO-105,Rio Grande County,10.65
CO-107,Routt County,19.59
CO-109,Saguache County,11.77
CO-111,San Juan County,25.52
CO-113,San Miguel County,10.38
CO-115,Sedgwick County,10.72
CO-117,Summit County,21.54
CO-119,Teller County,14.04
CO-121,Washington County,9.87
CO-123,Weld County,9.98
CO-125,Yuma County,11.47
CT-001,Fairfield County,43.4
CT-003,Hartford County,43.31
CT-005,Litchfield County,42.38
CT-007,Middlesex County,44.79
CT-009,New Haven County,45.34
CT-011,New London County,41.46
CT-013,Tolland County,44.08
CT-015,Windham County,43.74
DE-001,Kent County,55.76
DE-003,New Castle County,53.01
DE-005,Sussex County,57.43
FL-001,Alachua County,53.55
FL-003,Baker County,54.24
FL-005,Bay County,65.02
FL-007,Bradford County,55
FL-009,Brevard County,53.36
FL-011,Broward County,78.56
FL-013,Calhoun County,65.12
FL-015,Charlotte County,56.91
FL-017,Citrus County,48.86
FL-019,Clay County,55.49
FL-021,Collier County,56.84
FL-023,Columbia County,52.59
FL-027,DeSoto County,55.24
FL-029,Dixie County,53.35
FL-031,Duval County,55.16
FL-033,Escambia County,69.08
FL-035,Flagler County,52.98
FL-037,Franklin County,60.04
FL-039,Gadsden County,58.4
FL-041,Gilchrist County,51.94
FL-043,Glades County,53.54
FL-045,Gulf County,62.12
FL-047,Hamilton County,51.19
FL-049,Hardee County,51.65
FL-051,Hendry County,49.2
FL-053,Hernando County,49.12
FL-055,Highlands County,54.4
FL-057,Hillsborough County,53.33
FL-059,Holmes County,71.77
FL-061,Indian River County,64.53
FL-063,Jackson County,67.53
FL-065,Jefferson County,54.45
FL-067,Lafayette County,53.48
FL-069,Lake County,48.32
FL-071,Lee County,55.9
FL-073,Leon County,56.59
FL-075,Levy County,48.85
FL-077,Liberty County,61.6
FL-079,Madison County,52.32
FL-081,Manatee County,54.51
FL-083,Marion County,50.06
FL-085,Martin County,73.31
FL-086,Miami-Dade County,70.57
FL-087,Monroe County,62.86
FL-089,Nassau County,54.59
FL-091,Okaloosa County,69.17
FL-093,Okeechobee County,61.74
FL-095,Orange County,50.71
FL-097,Osceola County,52.05
FL-099,Palm Beach County,71.58
FL-101,Pasco County,51.98
FL-103,Pinellas County,51.44
FL-105,Polk County,54.12
FL-107,Putnam County,54.68
FL-109,St. Johns County,56.14
FL-111,St. Lucie County,72.69
FL-113,Santa Rosa County,69.54
FL-115,Sarasota County,54.95
FL-117,Seminole County,50.64
FL-119,Sumter County,46.82
FL-121,Suwannee County,52.3
FL-123,Taylor County,53.63
FL-125,Union County,53.99
FL-127,Volusia County,52.41
FL-129,Wakulla County,58.05
FL-131,Walton County,69.83
FL-133,Washington County,68.25
GA-001,Appling County,50.37
GA-003,Atkinson County,45.74
GA-005,Bacon County,44.92
GA-007,Baker County,54.09
GA-009,Baldwin County,58.48
GA-011,Banks County,69.61
GA-013,Barrow County,70.27
GA-015,Bartow County,60.57
GA-017,Ben Hill County,54.19
GA-019,Berrien County,49.61
GA-021,Bibb County,58.83
GA-023,Bleckley County,63.74
GA-025,Brantley County,49.28
GA-027,Brooks County,53.25
GA-029,Bryan County,51.42
GA-031,Bulloch County,53.59
GA-033,Burke County,54.75
GA-035,Butts County,59.02
GA-037,Calhoun County,58.33
GA-039,Camden County,53.43
GA-043,Candler County,55.42
GA-045,Carroll County,71.15
GA-047,Catoosa County,68.9
GA-049,Charlton County,52.14
GA-051,Chatham County,50.33
GA-053,Chattahoochee County,66.51
GA-055,Chattooga County,67.99
GA-057,Cherokee County,66.1
GA-059,Clarke County,67.01
GA-061,Clay County,66.38
GA-063,Clayton County,70.96
GA-065,Clinch County,47.32
GA-067,Cobb County,66.78
GA-069,Coffee County,46.67
GA-071,Colquitt County,52.92
GA-073,Columbia County,56.23
GA-075,Cook County,51.59
GA-077,Coweta County,69.37
GA-079,Crawford County,61.63
GA-081,Crisp County,60.45
GA-083,Dade County,69.77
GA-085,Dawson County,78.59
GA-087,Decatur County,55.24
GA-089,DeKalb County,71.72
GA-091,Dodge County,61.13
GA-093,Dooly County,62.76
GA-095,Dougherty County,56.89
GA-097,Douglas County,69.96
GA-099,Early County,61.91
GA-101,Echols County,50.58
GA-103,Effingham County,52.38
GA-105,Elbert County,64.38
GA-107,Emanuel County,56.58
GA-109,Evans County,54.48
GA-111,Fannin County,81.87
GA-113,Fayette County,69.4
GA-115,Floyd County,63.8
GA-117,Forsyth County,73.29
GA-119,Franklin County,62.42
GA-121,Fulton County,70.91
GA-123,Gilmer County,79.3
GA-125,Glascock County,58.02
GA-127,Glynn County,50.85
GA-129,Gordon County,65.2
GA-131,Grady County,52.71
GA-133,Greene County,61.61
GA-135,Gwinnett County,71.72
GA-137,Habersham County,83.33
GA-139,Hall County,76.2
GA-141,Hancock County,59.5
GA-143,Haralson County,68.92
GA-145,Harris County,69.9
GA-147,Hart County,66.28
GA-149,Heard County,69.09
GA-151,Henry County,66.93
GA-153,Houston County,64.56
GA-155,Irwin County,50.96
GA-157,Jackson County,69.89
GA-159,Jasper County,53.85
GA-161,Jeff Davis County,51.74
GA-163,Jefferson County,56.87
GA-165,Jenkins County,51.89
GA-167,Johnson County,59.53
GA-169,Jones County,56.49
GA-171,Lamar County,63.88
GA-173,Lanier County,49.69
GA-175,Laurens County,61.89
GA-177,Lee County,60.86
GA-179,Liberty County,49.91
GA-181,Lincoln County,59.79
GA-183,Long County,50.5
GA-185,Lowndes County,51.95
GA-187,Lumpkin County,87
GA-189,McDuffie County,57.04
GA-191,McIntosh County,47.77
GA-193,Macon County,63.85
GA-195,Madison County,66.8
GA-197,Marion County,65.05
GA-199,Meriwether County,70.26
GA-201,Miller County,57.51
GA-205,Mitchell County,52.58
GA-207,Monroe County,58.15
GA-209,Montgomery County,62.06
GA-211,Morgan County,58.74
GA-213,Murray County,77.74
GA-215,Muscogee County,67.97
GA-217,Newton County,60.53
GA-219,Oconee County,66.96
GA-221,Oglethorpe County,63.83
GA-223,Paulding County,63.09
GA-225,Peach County,63.11
GA-227,Pickens County,70.15
GA-229,Pierce County,45.17
GA-231,Pike County,68.77
GA-233,Polk County,63.4
GA-235,Pulaski County,62.76
GA-237,Putnam County,53.46
GA-239,Quitman County,68.5
GA-241,Rabun County,93.01
GA-243,Randolph County,64.04
GA-245,Richmond County,57.34
GA-247,Rockdale County,67.79
GA-249,Schley County,64.46
GA-251,Screven County,51.27
GA-253,Seminole County,63.49
GA-255,Spalding County,67.1
GA-257,Stephens County,69.89
GA-259,Stewart County,66.18
GA-261,Sumter County,63.34
GA-263,Talbot County,66.72
GA-265,Taliaferro County,61.86
GA-267,Tattnall County,55.53
GA-269,Taylor County,63.3
GA-271,Telfair County,58.11
GA-273,Terrell County,61.92
GA-275,Thomas County,53.58
GA-277,Tift County,51.23
GA-279,Toombs County,59.2
GA-281,Towns County,84.48
GA-283,Treutlen County,61.93
GA-285,Troup County,69.48
GA-287,Turner County,56.22
GA-289,Twiggs County,63.23
GA-291,Union County,84.95
GA-293,Upson County,66.4
GA-295,Walker County,65.17
GA-297,Walton County,66.21
GA-299,Ware County,46.13
GA-301,Warren County,58.6
GA-303,Washington County,59.7
GA-305,Wayne County,49.45
GA-307,Webster County,64.08
GA-309,Wheeler County,61.29
GA-311,White County,87.76
GA-313,Whitfield County,70.98
GA-315,Wilcox County,59.82
GA-317,Wilkes County,62.22
GA-319,Wilkinson County,61.54
GA-321,Worth County,55.71
ID-001,Ada County,13.31
ID-003,Adams County,29.89
ID-005,Bannock County,14.63
ID-007,Bear Lake County,18.86
ID-009,Benewah County,30.21
ID-011,Bingham County,12.4
ID-013,Blaine County,12.27
ID-015,Boise County,29.1
ID-017,Bonner County,36.09
ID-019,Bonneville County,21.35
ID-021,Boundary County,37.17
ID-023,Butte County,7.77
ID-025,Camas County,17.06
ID-027,Canyon County,10.58
ID-029,Caribou County,20.55
ID-031,Cassia County,13.14
ID-033,Clark County,12.53
ID-035,Clearwater County,46.54
ID-037,Custer County,18.82
ID-039,Elmore County,17.68
ID-041,Franklin County,17.77
ID-043,Fremont County,19.58
ID-045,Gem County,19.39
ID-047,Gooding County,7.8
ID-049,Idaho County,39.65
ID-051,Jefferson County,7.65
ID-053,Jerome County,6.95
ID-055,Kootenai County,31.59
ID-057,Latah County,32.55
ID-059,Lemhi County,20.22
ID-061,Lewis County,26.99
ID-063,Lincoln County,6.78
ID-065,Madison County,14.28
ID-067,Minidoka County,7.77
ID-069,Nez Perce County,24.45
ID-071,Oneida County,13.15
ID-073,Owyhee County,10.94
ID-075,Payette County,13.03
ID-077,Power County,13.23
ID-079,Shoshone County,47.35
ID-081,Teton County,24.05
ID-083,Twin Falls County,9.07
ID-085,Valley County,32.63
ID-087,Washington County,20.04
IL-001,Adams County,37.99
IL-003,Alexander County,53.92
IL-005,Bond County,45.88
IL-007,Boone County,37.28
IL-009,Brown County,36.31
IL-011,Bureau County,37.29
IL-013,Calhoun County,43.41
IL-015,Carroll County,37.73
IL-017,Cass County,35.83
IL-019,Champaign County,40.55
IL-021,Christian County,40.89
IL-023,Clark County,47.76
IL-025,Clay County,53.05
IL-027,Clinton County,47.49
IL-029,Coles County,48.36
IL-031,Cook County,38.94
IL-033,Crawford County,46.99
IL-035,Cumberland County,49.48
IL-037,DeKalb County,36.79
IL-039,De Witt County,38.05
IL-041,Douglas County,42.89
IL-043,DuPage County,39.06
IL-045,Edgar County,46.09
IL-047,Edwards County,54.26
IL-049,Effingham County,48.68
IL-051,Fayette County,47.77
IL-053,Ford County,38.18
IL-055,Franklin County,51.81
IL-057,Fulton County,33.22
IL-059,Gallatin County,55.45
IL-061,Greene County,42
IL-063,Grundy County,36.47
IL-065,Hamilton County,53.9
IL-067,Hancock County,34.81
IL-069,Hardin County,58.13
IL-071,Henderson County,31.66
IL-073,Henry County,38.09
IL-075,Iroquois County,35.19
IL-077,Jackson County,49.43
IL-079,Jasper County,49.64
IL-081,Jefferson County,51.06
IL-083,Jersey County,43.72
IL-085,Jo Daviess County,39.47
IL-087,Johnson County,53.74
IL-089,Kane County,39.21
IL-091,Kankakee County,37.16
IL-093,Kendall County,36.21
IL-095,Knox County,33.9
IL-097,Lake County,41.04
IL-099,LaSalle County,35.78
IL-101,Lawrence County,52.83
IL-103,Lee County,40.27
IL-105,Livingston County,39.09
IL-107,Logan County,36.37
IL-109,McDonough County,36.25
IL-111,McHenry County,39.8
IL-113,McLean County,37.77
IL-115,Macon County,39.92
IL-117,Macoupin County,42.6
IL-119,Madison County,47.11
IL-121,Marion County,48.55
IL-123,Marshall County,37.69
IL-125,Mason County,33.32
IL-127,Massac County,56.1
IL-129,Menard County,35.25
IL-131,Mercer County,36.67
IL-133,Monroe County,49.74
IL-135,Montgomery County,41.95
IL-137,Morgan County,38.74
IL-139,Moultrie County,42.58
IL-141,Ogle County,38.37
IL-143,Peoria County,36.62
IL-145,Perry County,47.19
IL-147,Piatt County,40.43
IL-149,Pike County,40.43
IL-151,Pope County,58.17
IL-153,Pulaski County,52.92
IL-155,Putnam County,36.02
IL-157,Randolph County,45.52
IL-159,Richland County,53.18
IL-161,Rock Island County,38.02
IL-163,St. Clair County,48.16
IL-165,Saline County,54.82
IL-167,Sangamon County,38.45
IL-169,Schuyler County,35.15
IL-171,Scott County,39.67
IL-173,Shelby County,46.39
IL-175,Stark County,35.84
IL-177,Stephenson County,39.52
IL-179,Tazewell County,37.52
IL-181,Union County,52.82
IL-183,Vermilion County,40.7
IL-185,Wabash County,53.22
IL-187,Warren County,33.49
IL-189,Washington County,47.04
IL-191,Wayne County,53.22
IL-193,White County,55.08
IL-195,Whiteside County,39.53
IL-197,Will County,37.48
IL-199,Williamson County,50.92
IL-201,Winnebago County,36.83
IL-203,Woodford County,39.57
IN-001,Adams County,38.25
IN-003,Allen County,34.53
IN-005,Bartholomew County,45.31
IN-007,Benton County,35.31
IN-009,Blackford County,38.56
IN-011,Boone County,39.43
IN-013,Brown County,45.77
IN-015,Carroll County,34.57
IN-017,Cass County,33
IN-019,Clark County,52.32
IN-021,Clay County,42.31
IN-023,Clinton County,40.11
IN-025,Crawford County,55.34
IN-027,Daviess County,51.5
IN-029,Dearborn County,47.67
IN-031,Decatur County,46.63
IN-033,DeKalb County,31.09
IN-035,Delaware County,38.48
IN-037,Dubois County,53.34
IN-039,Elkhart County,33.01
IN-041,Fayette County,42.9
IN-043,Floyd County,53.99
IN-045,Fountain County,39.01
IN-047,Franklin County,44.62
IN-049,Fulton County,32.44
IN-051,Gibson County,53.37
IN-053,Grant County,36.12
IN-055,Greene County,51.28
IN-057,Hamilton County,40.27
IN-059,Hancock County,44.01
IN-061,Harrison County,55.97
IN-063,Hendricks County,42.39
IN-065,Henry County,42.93
IN-067,Howard County,37.1
IN-069,Huntington County,36.52
IN-071,Jackson County,47.6
IN-073,Jasper County,33.4
IN-075,Jay County,40.76
IN-077,Jefferson County,47.8
IN-079,Jennings County,45.05
IN-081,Johnson County,43.06
IN-083,Knox County,51.59
IN-085,Kosciusko County,31.74
IN-087,LaGrange County,32.41
IN-089,Lake County,38.96
IN-091,LaPorte County,35.97
IN-093,Lawrence County,53.59
IN-095,Madison County,42.56
IN-097,Marion County,41.07
IN-099,Marshall County,32.98
IN-101,Martin County,54.79
IN-103,Miami County,32.63
IN-105,Monroe County,46.37
IN-107,Montgomery County,40.55
IN-109,Morgan County,43.27
IN-111,Newton County,35.79
IN-113,Noble County,32
IN-115,Ohio County,50.13
IN-117,Orange County,54.89
IN-119,Owen County,44.09
IN-121,Parke County,41.04
IN-123,Perry County,56.18
IN-125,Pike County,52.02
IN-127,Porter County,38.69
IN-129,Posey County,56.06
IN-131,Pulaski County,32.4
IN-133,Putnam County,41.47
IN-135,Randolph County,42.14
IN-137,Ripley County,47.15
IN-139,Rush County,43.28
IN-141,St. Joseph County,34.55
IN-143,Scott County,47.66
IN-145,Shelby County,44.31
IN-147,Spencer County,56.46
IN-149,Starke County,34.12
IN-151,Steuben County,31.89
IN-153,Sullivan County,46.87
IN-155,Switzerland County,50.49
IN-157,Tippecanoe County,36.26
IN-159,Tipton County,41.06
IN-161,Union County,44.15
IN-163,Vanderburgh County,55.17
IN-165,Vermillion County,42.07
IN-167,Vigo County,43.55
IN-169,Wabash County,32.99
IN-171,Warren County,37.63
IN-173,Warrick County,55.24
IN-175,Washington County,53.49
IN-177,Wayne County,44.25
IN-179,Wells County,38.6
IN-181,White County,33.48
IN-183,Whitley County,33.14
IA-001,Adair County,23.67
IA-003,Adams County,26.54
IA-005,Allamakee County,34.88
IA-007,Appanoose County,34.54
IA-009,Audubon County,21.36
IA-011,Benton County,34.55
IA-013,Black Hawk County,36.73
IA-015,Boone County,24.16
IA-017,Bremer County,36.66
IA-019,Buchanan County,36.9
IA-021,Buena Vista County,22.89
IA-023,Butler County,33.46
IA-025,Calhoun County,22.95
IA-027,Carroll County,21.67
IA-029,Cass County,21.93
IA-031,Cedar County,38.52
IA-033,Cerro Gordo County,29.57
IA-035,Cherokee County,23.16
IA-037,Chickasaw County,35.72
IA-039,Clarke County,30.22
IA-041,Clay County,20.69
IA-043,Clayton County,39.22
IA-045,Clinton County,39.06
IA-047,Crawford County,22.64
IA-049,Dallas County,26.16
IA-051,Davis County,34.95
IA-053,Decatur County,32.12
IA-055,Delaware County,38.06
IA-057,Des Moines County,32.65
IA-059,Dickinson County,21.62
IA-061,Dubuque County,38.55
IA-063,Emmet County,23.03
IA-065,Fayette County,36.54
IA-067,Floyd County,32.56
IA-069,Franklin County,29.67
IA-071,Fremont County,24.14
IA-073,Greene County,23.14
IA-075,Grundy County,34.91
IA-077,Guthrie County,22.28
IA-079,Hamilton County,25.46
IA-081,Hancock County,27.92
IA-083,Hardin County,29.67
IA-085,Harrison County,21.46
IA-087,Henry County,34.38
IA-089,Howard County,32.64
IA-091,Humboldt County,25.24
IA-093,Ida County,23.21
IA-095,Iowa County,32.51
IA-097,Jackson County,38.43
IA-099,Jasper County,30.89
IA-101,Jefferson County,36.26
IA-103,Johnson County,35.71
IA-105,Jones County,36.86
IA-107,Keokuk County,34.6
IA-109,Kossuth County,25.52
IA-111,Lee County,34.5
IA-113,Linn County,36.57
IA-115,Louisa County,35.23
IA-117,Lucas County,33.17
IA-119,Lyon County,18.71
IA-121,Madison County,28.05
IA-123,Mahaska County,34.16
IA-125,Marion County,33.96
IA-127,Marshall County,31.39
IA-129,Mills County,22.84
IA-131,Mitchell County,30.2
IA-133,Monona County,21.67
IA-135,Monroe County,35.26
IA-137,Montgomery County,24.63
IA-139,Muscatine County,35.47
IA-141,O'Brien County,20.19
IA-143,Osceola County,20.21
IA-145,Page County,24.52
IA-147,Palo Alto County,22.34
IA-149,Plymouth County,18.93
IA-151,Pocahontas County,22.97
IA-153,Polk County,28.75
IA-155,Pottawattamie County,21.53
IA-157,Poweshiek County,32.85
IA-159,Ringgold County,32.81
IA-161,Sac County,21.8
IA-163,Scott County,39.2
IA-165,Shelby County,21.88
IA-167,Sioux County,17.5
IA-169,Story County,26.1
IA-171,Tama County,34.73
IA-173,Taylor County,29.2
IA-175,Union County,28.15
IA-177,Van Buren County,32.99
IA-179,Wapello County,36.86
IA-181,Warren County,32.5
IA-183,Washington County,36.75
IA-185,Wayne County,33.49
IA-187,Webster County,24.63
IA-189,Winnebago County,28.11
IA-191,Winneshiek County,34.9
IA-193,Woodbury County,21.61
IA-195,Worth County,30.42
IA-197,Wright County,26.99
KS-001,Allen County,36.21
KS-003,Anderson County,34.47
KS-005,Atchison County,38.38
KS-007,Barber County,27.77
KS-009,Barton County,24.64
KS-011,Bourbon County,39.98
KS-013,Brown County,33.69
KS-015,Butler County,34.59
KS-017,Chase County,33.45
KS-019,Chautauqua County,41.98
KS-021,Cherokee County,48.62
KS-023,Cheyenne County,12.45
KS-025,Clark County,22.66
KS-027,Clay County,29.4
KS-029,Cloud County,28.59
KS-031,Coffey County,30.87
KS-033,Comanche County,25.42
KS-035,Cowley County,35.5
KS-037,Crawford County,44.56
KS-039,Decatur County,15.06
KS-041,Dickinson County,29.81
KS-043,Doniphan County,39.71
KS-045,Douglas County,35.73
KS-047,Edwards County,26.9
KS-049,Elk County,38.27
KS-051,Ellis County,22.69
KS-053,Ellsworth County,27.31
KS-055,Finney County,15.81
KS-057,Ford County,24.17
KS-059,Franklin County,33.5
KS-061,Geary County,33.61
KS-063,Gove County,15.15
KS-065,Graham County,16.23
KS-067,Grant County,13.63
KS-069,Gray County,18.48
KS-071,Greeley County,13.49
KS-073,Greenwood County,36.05
KS-075,Hamilton County,12.62
KS-077,Harper County,30.32
KS-079,Harvey County,28.29
KS-081,Haskell County,16.1
KS-083,Hodgeman County,22.72
KS-085,Jackson County,33.07
KS-087,Jefferson County,35.71
KS-089,Jewell County,23.11
KS-091,Johnson County,36.43
KS-093,Kearny County,15.97
KS-095,Kingman County,30.12
KS-097,Kiowa County,26.42
KS-099,Labette County,48.89
KS-101,Lane County,17.37
KS-103,Leavenworth County,35.7
KS-105,Lincoln County,26.75
KS-107,Linn County,37.03
KS-109,Logan County,13.91
KS-111,Lyon County,30.66
KS-113,McPherson County,27.62
KS-115,Marion County,27.78
KS-117,Marshall County,31.02
KS-119,Meade County,20.13
KS-121,Miami County,37.96
KS-123,Mitchell County,25.79
KS-125,Montgomery County,45.81
KS-127,Morris County,29.29
KS-129,Morton County,12.74
KS-131,Nemaha County,30.4
KS-133,Neosho County,40.83
KS-135,Ness County,20.34
KS-137,Norton County,16.21
KS-139,Osage County,31.38
KS-141,Osborne County,23.74
KS-143,Ottawa County,28.45
KS-145,Pawnee County,25.35
KS-147,Phillips County,17.62
KS-149,Pottawatomie County,29.87
KS-151,Pratt County,26.9
KS-153,Rawlins County,13.02
KS-155,Reno County,28.45
KS-157,Republic County,23.68
KS-159,Rice County,27.95
KS-161,Riley County,31.31
KS-163,Rooks County,20.02
KS-165,Rush County,23.34
KS-167,Russell County,24.37
KS-169,Saline County,27.99
KS-171,Scott County,15.28
KS-173,Sedgwick County,29.32
KS-175,Seward County,16.89
KS-177,Shawnee County,33.63
KS-179,Sheridan County,14.23
KS-181,Sherman County,14.75
KS-183,Smith County,20.4
KS-185,Stafford County,29.3
KS-187,Stanton County,11.85
KS-189,Stevens County,15.56
KS-191,Sumner County,31.43
KS-193,Thomas County,14.42
KS-195,Trego County,18.15
KS-197,Wabaunsee County,31.59
KS-199,Wallace County,11.38
KS-201,Washington County,27.42
KS-203,Wichita County,15.69
KS-205,Wilson County,37.48
KS-207,Woodson County,33.6
KS-209,Wyandotte County,33.84
KY-001,Adair County,63.65
KY-003,Allen County,61.26
KY-005,Anderson County,50.91
KY-007,Ballard County,55.36
KY-009,Barren County,61.49
KY-011,Bath County,59.18
KY-013,Bell County,68.7
KY-015,Boone County,49.59
KY-017,Bourbon County,53.17
KY-019,Boyd County,50.26
KY-021,Boyle County,51.91
KY-023,Bracken County,52.36
KY-025,Breathitt County,59.54
KY-027,Breckinridge County,56.98
KY-029,Bullitt County,54.63
KY-031,Butler County,59.34
KY-033,Caldwell County,56.5
KY-035,Calloway County,57.77
KY-037,Campbell County,50.49
KY-039,Carlisle County,57.73
KY-041,Carroll County,50.44
KY-043,Carter County,50.5
KY-045,Casey County,62.08
KY-047,Christian County,55.28
KY-049,Clark County,56.28
KY-051,Clay County,65.65
KY-053,Clinton County,68.69
KY-055,Crittenden County,57.8
KY-057,Cumberland County,66.4
KY-059,Daviess County,56.58
KY-061,Edmonson County,62.48
KY-063,Elliott County,54.36
KY-065,Estill County,61.83
KY-067,Fayette County,51.49
KY-069,Fleming County,55.62
KY-071,Floyd County,56.6
KY-073,Franklin County,50.6
KY-075,Fulton County,58.93
KY-077,Gallatin County,50.73
KY-079,Garrard County,56.72
KY-081,Grant County,50.31
KY-083,Graves County,58.61
KY-085,Grayson County,60.46
KY-087,Green County,58.09
KY-089,Greenup County,46.78
KY-091,Hancock County,57.27
KY-093,Hardin County,57.66
KY-095,Harlan County,70.05
KY-097,Harrison County,51.48
KY-099,Hart County,60.64
KY-101,Henderson County,54.4
KY-103,Henry County,51.42
KY-105,Hickman County,59.11
KY-107,Hopkins County,53.2
KY-109,Jackson County,65.73
KY-111,Jefferson County,54.09
KY-113,Jessamine County,50.78
KY-115,Johnson County,53.69
KY-117,Kenton County,49.98
KY-119,Knott County,59.64
KY-121,Knox County,69.59
KY-123,Larue County,56.75
KY-125,Laurel County,68.63
KY-127,Lawrence County,52.03
KY-129,Lee County,61.64
KY-131,Leslie County,64.08
KY-133,Letcher County,61.87
KY-135,Lewis County,49.49
KY-137,Lincoln County,60.6
KY-139,Livingston County,57.53
KY-141,Logan County,59.98
KY-143,Lyon County,56.89
KY-145,McCracken County,56.72
KY-147,McCreary County,66.26
KY-149,McLean County,53.29
KY-151,Madison County,58.54
KY-153,Magoffin County,56.13
KY-155,Marion County,54.64
KY-157,Marshall County,56.94
KY-159,Martin County,57.34
KY-161,Mason County,51.07
KY-163,Meade County,56.8
KY-165,Menifee County,61.79
KY-167,Mercer County,50.33
KY-169,Metcalfe County,60.98
KY-171,Monroe County,63.31
KY-173,Montgomery County,58.61
KY-175,Morgan County,57.7
KY-177,Muhlenberg County,55.97
KY-179,Nelson County,53.81
KY-181,Nicholas County,54.06
KY-183,Ohio County,57.71
KY-185,Oldham County,53.82
KY-187,Owen County,51.23
KY-189,Owsley County,62.28
KY-191,Pendleton County,51.15
KY-193,Perry County,61.31
KY-195,Pike County,61.81
KY-197,Powell County,61.85
KY-199,Pulaski County,67.9
KY-201,Robertson County,52.23
KY-203,Rockcastle County,68.02
KY-205,Rowan County,59.91
KY-207,Russell County,67.52
KY-209,Scott County,51.08
KY-211,Shelby County,52.5
KY-213,Simpson County,59.49
KY-215,Spencer County,52.6
KY-217,Taylor County,58.72
KY-219,Todd County,57.84
KY-221,Trigg County,55.94
KY-223,Trimble County,50.39
KY-225,Union County,55.8
KY-227,Warren County,59.82
KY-229,Washington County,52.09
KY-231,Wayne County,66.52
KY-233,Webster County,55.08
KY-235,Whitley County,69.48
KY-237,Wolfe County,59.96
KY-239,Woodford County,50.28
LA-001,Acadia Parish,62.56
LA-003,Allen Parish,54.99
LA-005,Ascension Parish,66.14
LA-007,Assumption Parish,54.91
LA-009,Avoyelles Parish,69.85
LA-011,Beauregard Parish,60.01
LA-013,Bienville Parish,70.02
LA-015,Bossier Parish,67.87
LA-017,Caddo Parish,64.05
LA-019,Calcasieu Parish,58.24
LA-021,Caldwell Parish,80.46
LA-023,Cameron Parish,57.74
LA-025,Catahoula Parish,75.23
LA-027,Claiborne Parish,70.01
LA-029,Concordia Parish,68.98
LA-031,De Soto Parish,66.62
LA-033,East Baton Rouge Parish,64.18
LA-035,East Carroll Parish,72.26
LA-037,East Feliciana Parish,61.82
LA-039,Evangeline Parish,64.54
LA-041,Franklin Parish,79.24
LA-043,Grant Parish,80.15
LA-045,Iberia Parish,62.95
LA-047,Iberville Parish,64.46
LA-049,Jackson Parish,73.86
LA-051,Jefferson Parish,66.63
LA-053,Jefferson Davis Parish,57.81
LA-055,Lafayette Parish,65.88
LA-057,Lafourche Parish,56.16
LA-059,La Salle Parish,75.69
LA-061,Lincoln Parish,70.04
LA-063,Livingston Parish,68.59
LA-065,Madison Parish,73.61
LA-067,Morehouse Parish,73.37
LA-069,Natchitoches Parish,78.89
LA-071,Orleans Parish,63.53
LA-073,Ouachita Parish,72.68
LA-075,Plaquemines Parish,61.87
LA-077,Pointe Coupee Parish,62.52
LA-079,Rapides Parish,77.15
LA-081,Red River Parish,70.97
LA-083,Richland Parish,76.41
LA-085,Sabine Parish,73.16
LA-087,St. Bernard Parish,62.67
LA-089,St. Charles Parish,66.27
LA-091,St. Helena Parish,64.1
LA-093,St. James Parish,60.06
LA-095,St. John the Baptist Parish,65.97
LA-097,St. Landry Parish,67.48
LA-099,St. Martin Parish,63.3
LA-101,St. Mary Parish,56.91
LA-103,St. Tammany Parish,65.81
LA-105,Tangipahoa Parish,66.7
LA-107,Tensas Parish,75.28
LA-109,Terrebonne Parish,48.62
LA-111,Union Parish,71.54
LA-113,Vermilion Parish,59.5
LA-115,Vernon Parish,74.12
LA-117,Washington Parish,70.4
LA-119,Webster Parish,68.31
LA-121,West Baton Rouge Parish,63.52
LA-123,West Carroll Parish,72.63
LA-125,West Feliciana Parish,60.88
LA-127,Winn Parish,78.78
ME-001,Androscoggin County,46.61
ME-003,Aroostook County,35.81
ME-005,Cumberland County,45.35
ME-007,Franklin County,44.99
ME-009,Hancock County,43.29
ME-011,Kennebec County,45.02
ME-013,Knox County,45.6
ME-015,Lincoln County,45.79
ME-017,Oxford County,45.23
ME-019,Penobscot County,40.34
ME-021,Piscataquis County,40.2
ME-023,Sagadahoc County,46.92
ME-025,Somerset County,39.68
ME-027,Waldo County,43.5
ME-029,Washington County,39.01
ME-031,York County,41.82
MD-001,Allegany County,40.95
MD-003,Anne Arundel County,58.32
MD-005,Baltimore County,52.31
MD-009,Calvert County,63.74
MD-011,Caroline County,59.05
MD-013,Carroll County,44.62
MD-015,Cecil County,49.96
MD-017,Charles County,59.87
MD-019,Dorchester County,59.72
MD-021,Frederick County,42.48
MD-023,Garrett County,48.15
MD-025,Harford County,48.93
MD-027,Howard County,54.95
MD-029,Kent County,47.13
MD-031,Montgomery County,51.31
MD-033,Prince George's County,60.81
MD-035,Queen Anne's County,53.32
MD-037,St. Mary's County,62
MD-039,Somerset County,54.6
MD-041,Talbot County,61.47
MD-043,Washington County,38.58
MD-045,Wicomico County,56.97
MD-047,Worcester County,53.77
MD-510,Baltimore City,58.57
MD-511,"Washington, D.C.",59.43
MA-001,Barnstable County,37.47
MA-003,Berkshire County,40.44
MA-005,Bristol County,42.25
MA-007,Dukes County,38.24
MA-009,Essex County,41.25
MA-011,Franklin County,43.4
MA-013,Hampden County,42.97
MA-015,Hampshire County,43.29
MA-017,Middlesex County,41.53
MA-019,Nantucket County,37.37
MA-021,Norfolk County,47.04
MA-023,Plymouth County,42.21
MA-025,Suffolk County,43.93
MA-027,Worcester County,44.21
MI-001,Alcona County,31.38
MI-003,Alger County,40.86
MI-005,Allegan County,37.21
MI-007,Alpena County,34.54
MI-009,Antrim County,40.85
MI-011,Arenac County,32.7
MI-013,Baraga County,36.49
MI-015,Barry County,37.23
MI-017,Bay County,32.28
MI-019,Benzie County,36.25
MI-021,Berrien County,35.58
MI-023,Branch County,33.55
MI-025,Calhoun County,35
MI-027,Cass County,34.79
MI-029,Charlevoix County,40.36
MI-031,Cheboygan County,36.87
MI-033,Chippewa County,37.62
MI-035,Clare County,33.68
MI-037,Clinton County,35.04
MI-039,Crawford County,35.91
MI-041,Delta County,36.74
MI-043,Dickinson County,35.44
MI-045,Eaton County,36.83
MI-047,Emmet County,38.33
MI-049,Genesee County,33.84
MI-051,Gladwin County,33.3
MI-053,Gogebic County,36.2
MI-055,Grand Traverse County,36.69
MI-057,Gratiot County,33.45
MI-059,Hillsdale County,34.64
MI-061,Houghton County,34.3
MI-063,Huron County,31.53
MI-065,Ingham County,36.26
MI-067,Ionia County,36.17
MI-069,Iosco County,31.92
MI-071,Iron County,38.26
MI-073,Isabella County,32.58
MI-075,Jackson County,35.61
MI-077,Kalamazoo County,35.03
MI-079,Kalkaska County,38.52
MI-081,Kent County,36.24
MI-083,Keweenaw County,31.22
MI-085,Lake County,33.95
MI-087,Lapeer County,32.23
MI-089,Leelanau County,37.47
MI-091,Lenawee County,32.29
MI-093,Livingston County,34.86
MI-095,Luce County,34.34
MI-097,Mackinac County,37.56
MI-099,Macomb County,35.18
MI-101,Manistee County,33.9
MI-103,Marquette County,39.83
MI-105,Mason County,31.61
MI-107,Mecosta County,33.26
MI-109,Menominee County,34.93
MI-111,Midland County,32.38
MI-113,Missaukee County,35.01
MI-115,Monroe County,32.22
MI-117,Montcalm County,36.66
MI-119,Montmorency County,34.89
MI-121,Muskegon County,34.8
MI-123,Newaygo County,33.89
MI-125,Oakland County,33.48
MI-127,Oceana County,32.97
MI-129,Ogemaw County,34.04
MI-131,Ontonagon County,34.95
MI-133,Osceola County,33.83
MI-135,Oscoda County,33.45
MI-137,Otsego County,38.79
MI-139,Ottawa County,35.45
MI-141,Presque Isle County,36.49
MI-143,Roscommon County,33.99
MI-145,Saginaw County,33.19
MI-147,St. Clair County,33.74
MI-149,St. Joseph County,33.64
MI-151,Sanilac County,32.29
MI-153,Schoolcraft County,39.74
MI-155,Shiawassee County,35.68
MI-157,Tuscola County,31.27
MI-159,Van Buren County,36.6
MI-161,Washtenaw County,34.88
MI-163,Wayne County,35.75
MI-165,Wexford County,35.77
MN-001,Aitkin County,26.51
MN-003,Anoka County,23.04
MN-005,Becker County,22.74
MN-007,Beltrami County,23.07
MN-009,Benton County,25.16
MN-011,Big Stone County,18.23
MN-013,Blue Earth County,31.78
MN-015,Brown County,27.22
MN-017,Carlton County,25.11
MN-019,Carver County,27.5
MN-021,Cass County,24.21
MN-023,Chippewa County,21.3
MN-025,Chisago County,25.6
MN-027,Clay County,21.99
MN-029,Clearwater County,22.84
MN-031,Cook County,25.49
MN-033,Cottonwood County,24.9
MN-035,Crow Wing County,24.96
MN-037,Dakota County,30.15
MN-039,Dodge County,32.95
MN-041,Douglas County,22.4
MN-043,Faribault County,29.01
MN-045,Fillmore County,30.66
MN-047,Freeborn County,31.87
MN-049,Goodhue County,31.31
MN-051,Grant County,21.46
MN-053,Hennepin County,25.87
MN-055,Houston County,33.7
MN-057,Hubbard County,23.46
MN-059,Isanti County,23.86
MN-061,Itasca County,25.75
MN-063,Jackson County,22.97
MN-065,Kanabec County,26.62
MN-067,Kandiyohi County,21.73
MN-069,Kittson County,21.51
MN-071,Koochiching County,22.44
MN-073,Lac qui Parle County,18.73
MN-075,Lake County,23.59
MN-077,Lake of the Woods County,19.26
MN-079,Le Sueur County,33.71
MN-081,Lincoln County,21.3
MN-083,Lyon County,23.37
MN-085,McLeod County,20.75
MN-087,Mahnomen County,19.63
MN-089,Marshall County,20.52
MN-091,Martin County,25.51
MN-093,Meeker County,19.23
MN-095,Mille Lacs County,25.3
MN-097,Morrison County,25.99
MN-099,Mower County,30.21
MN-101,Murray County,24.7
MN-103,Nicollet County,28.1
MN-105,Nobles County,21.87
MN-107,Norman County,19.9
MN-109,Olmsted County,32.08
MN-111,Otter Tail County,25.78
MN-113,Pennington County,20.32
MN-115,Pine County,26.52
MN-117,Pipestone County,21.39
MN-119,Polk County,19.9
MN-121,Pope County,21.74
MN-123,Ramsey County,25.38
MN-125,Red Lake County,20.27
MN-127,Redwood County,25.69
MN-129,Renville County,23.58
MN-131,Rice County,34.58
MN-133,Rock County,19.83
MN-135,Roseau County,21.17
MN-137,St. Louis County,23.76
MN-139,Scott County,30.06
MN-141,Sherburne County,23.35
MN-143,Sibley County,23.67
MN-145,Stearns County,24.64
MN-147,Steele County,34.72
MN-149,Stevens County,18.93
MN-151,Swift County,21.4
MN-153,Todd County,26.21
MN-155,Traverse County,18.75
MN-157,Wabasha County,31.34
MN-159,Wadena County,24.35
MN-161,Waseca County,34.27
MN-163,Washington County,27.37
MN-165,Watonwan County,29.32
MN-167,Wilkin County,23.08
MN-169,Winona County,32.58
MN-171,Wright County,23.31
MN-173,Yellow Medicine County,21.34
MS-001,Adams County,67.12
MS-003,Alcorn County,71.95
MS-005,Amite County,68.49
MS-007,Attala County,75.33
MS-009,Benton County,63.73
MS-011,Bolivar County,64.53
MS-013,Calhoun County,62.72
MS-015,Carroll County,67.46
MS-017,Chickasaw County,67.55
MS-019,Choctaw County,69.39
MS-021,Claiborne County,71.84
MS-023,Clarke County,75.07
MS-025,Clay County,69.8
MS-027,Coahoma County,59.91
MS-029,Copiah County,71.8
MS-031,Covington County,60.89
MS-033,DeSoto County,59.11
MS-035,Forrest County,60.23
MS-037,Franklin County,66.81
MS-039,George County,60.99
MS-041,Greene County,66.57
MS-043,Grenada County,63.82
MS-045,Hancock County,62.42
MS-047,Harrison County,57.84
MS-049,Hinds County,82.65
MS-051,Holmes County,72.09
MS-053,Humphreys County,72.13
MS-055,Issaquena County,73.07
MS-057,Itawamba County,75.7
MS-059,Jackson County,57.16
MS-061,Jasper County,73.69
MS-063,Jefferson County,67.38
MS-065,Jefferson Davis County,63.47
MS-067,Jones County,64.97
MS-069,Kemper County,66.91
MS-071,Lafayette County,65.57
MS-073,Lamar County,61.53
MS-075,Lauderdale County,66.81
MS-077,Lawrence County,65.06
MS-079,Leake County,76.74
MS-081,Lee County,70.01
MS-083,Leflore County,66.79
MS-085,Lincoln County,65.23
MS-087,Lowndes County,74.77
MS-089,Madison County,78.4
MS-091,Marion County,64.52
MS-093,Marshall County,62.22
MS-095,Monroe County,74.95
MS-097,Montgomery County,66.75
MS-099,Neshoba County,71.23
MS-101,Newton County,71.25
MS-103,Noxubee County,74.41
MS-105,Oktibbeha County,70.63
MS-107,Panola County,63.15
MS-109,Pearl River County,66.26
MS-111,Perry County,63.98
MS-113,Pike County,71.08
MS-115,Pontotoc County,67.99
MS-117,Prentiss County,72.89
MS-119,Quitman County,61.92
MS-121,Rankin County,80.08
MS-123,Scott County,77.21
MS-125,Sharkey County,73.5
MS-127,Simpson County,76.89
MS-129,Smith County,74.57
MS-131,Stone County,60.77
MS-133,Sunflower County,67.87
MS-135,Tallahatchie County,64.2
MS-137,Tate County,61.69
MS-139,Tippah County,66.89
MS-141,Tishomingo County,78.53
MS-143,Tunica County,62.38
MS-145,Union County,68.22
MS-147,Walthall County,70.21
MS-149,Warren County,76.2
MS-151,Washington County,69.62
MS-153,Wayne County,76.63
MS-155,Webster County,62.25
MS-157,Wilkinson County,63.7
MS-159,Winston County,74.07
MS-161,Yalobusha County,65.11
MS-163,Yazoo County,76.84
MO-001,Adair County,37.19
MO-003,Andrew County,37.58
MO-005,Atchison County,25.72
MO-007,Audrain County,41.16
MO-009,Barry County,53.96
MO-011,Barton County,44.95
MO-013,Bates County,42.19
MO-015,Benton County,46.92
MO-017,Bollinger County,57.44
MO-019,Boone County,43.5
MO-021,Buchanan County,40.05
MO-023,Butler County,59.75
MO-025,Caldwell County,37.82
MO-027,Callaway County,44.54
MO-029,Camden County,47.53
MO-031,Cape Girardeau County,55.9
MO-033,Carroll County,41.55
MO-035,Carter County,59.09
MO-037,Cass County,41.59
MO-039,Cedar County,46.39
MO-041,Chariton County,42.61
MO-043,Christian County,50.97
MO-045,Clark County,36.1
MO-047,Clay County,34.7
MO-049,Clinton County,36.02
MO-051,Cole County,43.9
MO-053,Cooper County,40.41
MO-055,Crawford County,50.64
MO-057,Dade County,47.83
MO-059,Dallas County,51.41
MO-061,Daviess County,39.25
MO-063,DeKalb County,38.7
MO-065,Dent County,51.61
MO-067,Douglas County,58.73
MO-069,Dunklin County,54
MO-071,Franklin County,47.69
MO-073,Gasconade County,47.43
MO-075,Gentry County,35.14
MO-077,Greene County,48.85
MO-079,Grundy County,36.39
MO-081,Harrison County,34.8
MO-083,Henry County,44.38
MO-085,Hickory County,51.2
MO-087,Holt County,33.01
MO-089,Howard County,41.42
MO-091,Howell County,57.65
MO-093,Iron County,54.8
MO-095,Jackson County,39.87
MO-097,Jasper County,46.11
MO-099,Jefferson County,50.25
MO-101,Johnson County,42.46
MO-103,Knox County,36.51
MO-105,Laclede County,52.47
MO-107,Lafayette County,42.84
MO-109,Lawrence County,49.19
MO-111,Lewis County,37.13
MO-113,Lincoln County,44.3
MO-115,Linn County,39.01
MO-117,Livingston County,38.98
MO-119,McDonald County,52.53
MO-121,Macon County,40.31
MO-123,Madison County,53.72
MO-125,Maries County,47.37
MO-127,Marion County,37.6
MO-129,Mercer County,33.63
MO-131,Miller County,44.63
MO-133,Mississippi County,56.9
MO-135,Moniteau County,41.47
MO-137,Monroe County,38.45
MO-139,Montgomery County,43.38
MO-141,Morgan County,42.04
MO-143,New Madrid County,55.89
MO-145,Newton County,48.87
MO-147,Nodaway County,29.02
MO-149,Oregon County,56.64
MO-151,Osage County,46.49
MO-153,Ozark County,60.22
MO-155,Pemiscot County,49.64
MO-157,Perry County,49.34
MO-159,Pettis County,40.94
MO-161,Phelps County,49.09
MO-163,Pike County,42.33
MO-165,Platte County,35.7
MO-167,Polk County,50.09
MO-169,Pulaski County,49.32
MO-171,Putnam County,35.37
MO-173,Ralls County,37.87
MO-175,Randolph County,42.83
MO-177,Ray County,37.26
MO-179,Reynolds County,57.63
MO-181,Ripley County,57.66
MO-183,St. Charles County,47.12
MO-185,St. Clair County,46.72
MO-186,Ste. Genevieve County,46.63
MO-187,St. Francois County,49.24
MO-189,St. Louis County,47.61
MO-195,Saline County,40.33
MO-197,Schuyler County,36.69
MO-199,Scotland County,36.83
MO-201,Scott County,55.09
MO-203,Shannon County,56.67
MO-205,Shelby County,38.16
MO-207,Stoddard County,58.22
MO-209,Stone County,53.63
MO-211,Sullivan County,35.99
MO-213,Taney County,59.93
MO-215,Texas County,55.01
MO-217,Vernon County,42.48
MO-219,Warren County,46.31
MO-221,Washington County,53.2
MO-223,Wayne County,60.18
MO-225,Webster County,52.73
MO-227,Worth County,33.44
MO-229,Wright County,54.65
MO-510,St. Louis City,46.44
MT-001,Beaverhead County,17.97
MT-003,Big Horn County,12.23
MT-005,Blaine County,12.56
MT-007,Broadwater County,12.87
MT-009,Carbon County,15.86
MT-011,Carter County,10.83
MT-013,Cascade County,15.3
MT-015,Chouteau County,12.89
MT-017,Custer County,9.88
MT-019,Daniels County,11.05
MT-021,Dawson County,10.37
MT-023,Deer Lodge County,24.55
MT-025,Fallon County,11.54
MT-027,Fergus County,14.29
MT-029,Flathead County,37.36
MT-031,Gallatin County,20.97
MT-033,Garfield County,11.53
MT-035,Glacier County,23.63
MT-037,Golden Valley County,15.35
MT-039,Granite County,24.46
MT-041,Hill County,11.15
MT-043,Jefferson County,15.63
MT-045,Judith Basin County,15.9
MT-047,Lake County,26.32
MT-049,Lewis and Clark County,21.34
MT-051,Liberty County,11.64
MT-053,Lincoln County,30.82
MT-055,McCone County,11.01
MT-057,Madison County,19.05
MT-059,Meagher County,18.09
MT-061,Mineral County,39.29
MT-063,Missoula County,32.05
MT-065,Musselshell County,13.8
MT-067,Park County,24.29
MT-069,Petroleum County,12.01
MT-071,Phillips County,10.47
MT-073,Pondera County,16.07
MT-075,Powder River County,9.65
MT-077,Powell County,27.97
MT-079,Prairie County,10.34
MT-081,Ravalli County,31.02
MT-083,Richland County,9.06
MT-085,Roosevelt County,9.2
MT-087,Rosebud County,11.15
MT-089,Sanders County,32.54
MT-091,Sheridan County,9.79
MT-093,Silver Bow County,16.96
MT-095,Stillwater County,17.94
MT-097,Sweet Grass County,17.14
MT-099,Teton County,17.08
MT-101,Toole County,12.21
MT-103,Treasure County,12.38
MT-105,Valley County,10.69
MT-107,Wheatland County,14.35
MT-109,Wibaux County,12.07
MT-111,Yellowstone County,13.17
NE-001,Adams County,18.59
NE-003,Antelope County,19.82
NE-005,Arthur County,15.39
NE-007,Banner County,10.43
NE-009,Blaine County,26.14
NE-011,Boone County,21.71
NE-013,Box Butte County,10.31
NE-015,Boyd County,21.55
NE-017,Brown County,22.29
NE-019,Buffalo County,19.15
NE-021,Burt County,20.15
NE-023,Butler County,23.39
NE-025,Cass County,24.65
NE-027,Cedar County,17.99
NE-029,Chase County,12.02
NE-031,Cherry County,18.44
NE-033,Cheyenne County,10.89
NE-035,Clay County,20.58
NE-037,Colfax County,19.73
NE-039,Cuming County,20.31
NE-041,Custer County,21.32
NE-043,Dakota County,20.89
NE-045,Dawes County,9.53
NE-047,Dawson County,16.5
NE-049,Deuel County,11.67
NE-051,Dixon County,19.79
NE-053,Dodge County,20.46
NE-055,Douglas County,19.8
NE-057,Dundy County,12.77
NE-059,Fillmore County,24.75
NE-061,Franklin County,19.92
NE-063,Frontier County,15.16
NE-065,Furnas County,18.3
NE-067,Gage County,26.87
NE-069,Garden County,12.42
NE-071,Garfield County,20.34
NE-073,Gosper County,15.44
NE-075,Grant County,16.79
NE-077,Greeley County,19.62
NE-079,Hall County,20.76
NE-081,Hamilton County,21.82
NE-083,Harlan County,18.17
NE-085,Hayes County,13.04
NE-087,Hitchcock County,13.22
NE-089,Holt County,20.33
NE-091,Hooker County,20.43
NE-093,Howard County,19.95
NE-095,Jefferson County,26.13
NE-097,Johnson County,26.62
NE-099,Kearney County,18.41
NE-101,Keith County,12.65
NE-103,Keya Paha County,21.57
NE-105,Kimball County,11.98
NE-107,Knox County,19.56
NE-109,Lancaster County,25.99
NE-111,Lincoln County,15.18
NE-113,Logan County,22.09
NE-115,Loup County,22.27
NE-117,McPherson County,17.84
NE-119,Madison County,19.71
NE-121,Merrick County,21.8
NE-123,Morrill County,10.69
NE-125,Nance County,21.53
NE-127,Nemaha County,27.98
NE-129,Nuckolls County,22.94
NE-131,Otoe County,26.58
NE-133,Pawnee County,28.4
NE-135,Perkins County,12.56
NE-137,Phelps County,16.93
NE-139,Pierce County,18.8
NE-141,Platte County,21.09
NE-143,Polk County,23.37
NE-145,Red Willow County,16.71
NE-147,Richardson County,28.65
NE-149,Rock County,21.27
NE-151,Saline County,25.65
NE-153,Sarpy County,20.57
NE-155,Saunders County,21.76
NE-157,Scotts Bluff County,8.73
NE-159,Seward County,24.4
NE-161,Sheridan County,12.46
NE-163,Sherman County,19.15
NE-165,Sioux County,9.13
NE-167,Stanton County,19.64
NE-169,Thayer County,26.39
NE-171,Thomas County,26.18
NE-173,Thurston County,21.36
NE-175,Valley County,20.5
NE-177,Washington County,20.33
NE-179,Wayne County,20.59
NE-181,Webster County,20.57
NE-183,Wheeler County,19.35
NE-185,York County,23.83
NV-001,Churchill County,2.69
NV-003,Clark County,4.71
NV-005,Douglas County,8.66
NV-007,Elko County,9.69
NV-009,Esmeralda County,2.27
NV-011,Eureka County,5.53
NV-013,Humboldt County,8.22
NV-015,Lander County,5.92
NV-017,Lincoln County,5.64
NV-019,Lyon County,4.07
NV-021,Mineral County,3.44
NV-023,Nye County,3.65
NV-027,Pershing County,5.46
NV-029,Storey County,4.59
NV-031,Washoe County,7.49
NV-033,White Pine County,5.56
NV-510,Carson City,6.4
NH-001,Belknap County,41.29
NH-003,Carroll County,46.74
NH-005,Cheshire County,42.01
NH-007,Coos County,43.27
NH-009,Grafton County,40.63
NH-011,Hillsborough County,40.73
NH-013,Merrimack County,39.73
NH-015,Rockingham County,39.61
NH-017,Strafford County,40.58
NH-019,Sullivan County,40.96
NJ-001,Atlantic County,55.73
NJ-003,Bergen County,44.86
NJ-005,Burlington County,51.12
NJ-007,Camden County,52.19
NJ-009,Cape May County,55.69
NJ-011,Cumberland County,56.15
NJ-013,Essex County,45.38
NJ-015,Gloucester County,53.89
NJ-017,Hudson County,45.46
NJ-019,Hunterdon County,47.82
NJ-021,Mercer County,46.01
NJ-023,Middlesex County,49.2
NJ-025,Monmouth County,48.77
NJ-027,Morris County,46.11
NJ-029,Ocean County,50.48
NJ-031,Passaic County,42.43
NJ-033,Salem County,55.06
NJ-035,Somerset County,48.48
NJ-037,Sussex County,42.8
NJ-039,Union County,46.12
NJ-041,Warren County,48.08
NM-001,Bernalillo County,7.37
NM-003,Catron County,9.53
NM-005,Chaves County,6.24
NM-006,Cibola County,7.97
NM-007,Colfax County,10.61
NM-009,Curry County,9.14
NM-011,De Baca County,7.11
NM-013,Dona Ana County,7.08
NM-015,Eddy County,5.46
NM-017,Grant County,10
NM-019,Guadalupe County,8.33
NM-021,Harding County,9.16
NM-023,Hidalgo County,7.1
NM-025,Lea County,5.74
NM-027,Lincoln County,9.27
NM-028,Los Alamos County,10.56
NM-029,Luna County,6.28
NM-031,McKinley County,7.63
NM-033,Mora County,10.3
NM-035,Otero County,9.2
NM-037,Quay County,9.36
NM-039,Rio Arriba County,10.62
NM-041,Roosevelt County,7.5
NM-043,Sandoval County,7.85
NM-045,San Juan County,4.68
NM-047,San Miguel County,9.58
NM-049,Santa Fe County,8.51
NM-051,Sierra County,9.07
NM-053,Socorro County,8.66
NM-055,Taos County,11.76
NM-057,Torrance County,9.11
NM-059,Union County,10.86
NM-061,Valencia County,6.82
NY-001,Albany County,37.42
NY-003,Allegany County,36.96
NY-005,Bronx County,43.79
NY-007,Broome County,42.13
NY-009,Cattaraugus County,41.76
NY-011,Cayuga County,36.11
NY-013,Chautauqua County,42.03
NY-015,Chemung County,34.25
NY-017,Chenango County,41.88
NY-019,Clinton County,32.92
NY-021,Columbia County,38.88
NY-023,Cortland County,41.56
NY-025,Delaware County,45.2
NY-027,Dutchess County,36.93
NY-029,Erie County,39.35
NY-031,Essex County,42.4
NY-033,Franklin County,37.1
NY-035,Fulton County,42.98
NY-037,Genesee County,36.5
NY-039,Greene County,42.79
NY-041,Hamilton County,44.11
NY-043,Herkimer County,41
NY-045,Jefferson County,39.7
NY-047,Kings County,45.02
NY-049,Lewis County,41.32
NY-051,Livingston County,31.98
NY-053,Madison County,42.37
NY-055,Monroe County,32.83
NY-057,Montgomery County,36.23
NY-059,Nassau County,41.78
NY-061,New York County,45.08
NY-063,Niagara County,31.62
NY-065,Oneida County,41.24
NY-067,Onondaga County,37.67
NY-069,Ontario County,31.92
NY-071,Orange County,41.99
NY-073,Orleans County,35.21
NY-075,Oswego County,38.48
NY-077,Otsego County,41.64
NY-079,Putnam County,40.63
NY-081,Queens County,43.87
NY-083,Rensselaer County,37.37
NY-085,Richmond County,47.94
NY-087,Rockland County,42.04
NY-089,St. Lawrence County,36.17
NY-091,Saratoga County,40.47
NY-093,Schenectady County,36.22
NY-095,Schoharie County,36.82
NY-097,Schuyler County,33.62
NY-099,Seneca County,31.65
NY-101,Steuben County,33.24
NY-103,Suffolk County,42.78
NY-105,Sullivan County,49.18
NY-107,Tioga County,37.27
NY-109,Tompkins County,36.65
NY-111,Ulster County,46.22
NY-113,Warren County,42.26
NY-115,Washington County,37.12
NY-117,Wayne County,29.84
NY-119,Westchester County,41.26
NY-121,Wyoming County,38.36
NY-123,Yates County,30.29
NC-001,Alamance County,59.79
NC-003,Alexander County,71.02
NC-005,Alleghany County,80.81
NC-007,Anson County,60.19
NC-009,Ashe County,75.44
NC-011,Avery County,71.7
NC-013,Beaufort County,61.1
NC-015,Bertie County,62.45
NC-017,Bladen County,64.92
NC-019,Brunswick County,64.03
NC-021,Buncombe County,65.65
NC-023,Burke County,74.7
NC-025,Cabarrus County,63.83
NC-027,Caldwell County,76.74
NC-029,Camden County,62.37
NC-031,Carteret County,68.6
NC-033,Caswell County,59.1
NC-035,Catawba County,72.5
NC-037,Chatham County,59.3
NC-039,Cherokee County,77.31
NC-041,Chowan County,63.28
NC-043,Clay County,82.63
NC-045,Cleveland County,65.12
NC-047,Columbus County,63.13
NC-049,Craven County,65.27
NC-051,Cumberland County,63.08
NC-053,Currituck County,61.17
NC-055,Dare County,57.29
NC-057,Davidson County,63.12
NC-059,Davie County,65.33
NC-061,Duplin County,65.05
NC-063,Durham County,61.32
NC-065,Edgecombe County,66.72
NC-067,Forsyth County,66.16
NC-069,Franklin County,68.12
NC-071,Gaston County,63.17
NC-073,Gates County,64.87
NC-075,Graham County,80.41
NC-077,Granville County,66.38
NC-079,Greene County,65.52
NC-081,Guilford County,63.82
NC-083,Halifax County,64.82
NC-085,Harnett County,61.76
NC-087,Haywood County,77
NC-089,Henderson County,78
NC-091,Hertford County,66.93
NC-093,Hoke County,62.61
NC-095,Hyde County,61.63
NC-097,Iredell County,68.03
NC-099,Jackson County,86.49
NC-101,Johnston County,66.17
NC-103,Jones County,65.4
NC-105,Lee County,60.17
NC-107,Lenoir County,64.42
NC-109,Lincoln County,68.04
NC-111,McDowell County,78.71
NC-113,Macon County,89.23
NC-115,Madison County,62.94
NC-117,Martin County,61.72
NC-119,Mecklenburg County,60.76
NC-121,Mitchell County,69.63
NC-123,Montgomery County,62.12
NC-125,Moore County,59.76
NC-127,Nash County,68.77
NC-129,New Hanover County,69.6
NC-131,Northampton County,65.55
NC-133,Onslow County,66.03
NC-135,Orange County,60.22
NC-137,Pamlico County,65.98
NC-139,Pasquotank County,62.76
NC-141,Pender County,65.67
NC-143,Perquimans County,63.28
NC-145,Person County,60.02
NC-147,Pitt County,63.21
NC-149,Polk County,78.29
NC-151,Randolph County,61.27
NC-153,Richmond County,60.36
NC-155,Robeson County,63.75
NC-157,Rockingham County,65.27
NC-159,Rowan County,62.38
NC-161,Rutherford County,69.02
NC-163,Sampson County,64.19
NC-165,Scotland County,59.64
NC-167,Stanly County,65.12
NC-169,Stokes County,68.77
NC-171,Surry County,74.35
NC-173,Swain County,79.77
NC-175,Transylvania County,96.39
NC-177,Tyrrell County,60.53
NC-179,Union County,56.76
NC-181,Vance County,67.79
NC-183,Wake County,63.29
NC-185,Warren County,66.6
NC-187,Washington County,60.42
NC-189,Watauga County,75.18
NC-191,Wayne County,66.43
NC-193,Wilkes County,76.6
NC-195,Wilson County,69.34
NC-197,Yadkin County,70.92
NC-199,Yancey County,71.96
ND-001,Adams County,10.69
ND-003,Barnes County,18.01
ND-005,Benson County,11.04
ND-007,Billings County,10.61
ND-009,Bottineau County,12.03
ND-011,Bowman County,11.05
ND-013,Burke County,10.53
ND-015,Burleigh County,10.44
ND-017,Cass County,19.92
ND-019,Cavalier County,14.93
ND-021,Dickey County,21.73
ND-023,Divide County,9.08
ND-025,Dunn County,12.07
ND-027,Eddy County,12.29
ND-029,Emmons County,11.69
ND-031,Foster County,12.66
ND-033,Golden Valley County,11.73
ND-035,Grand Forks County,18.57
ND-037,Grant County,10.67
ND-039,Griggs County,15.45
ND-041,Hettinger County,11.38
ND-043,Kidder County,11.58
ND-045,LaMoure County,19.36
ND-047,Logan County,13.16
ND-049,McHenry County,10.96
ND-051,McIntosh County,15.43
ND-053,McKenzie County,9.02
ND-055,McLean County,10.66
ND-057,Mercer County,11.29
ND-059,Morton County,9.98
ND-061,Mountrail County,9.88
ND-063,Nelson County,17.31
ND-065,Oliver County,10.4
ND-067,Pembina County,17.04
ND-069,Pierce County,10.37
ND-071,Ramsey County,15.18
ND-073,Ransom County,20.81
ND-075,Renville County,11.33
ND-077,Richland County,20.12
ND-079,Rolette County,10.7
ND-081,Sargent County,19.75
ND-083,Sheridan County,11.02
ND-085,Sioux County,11.73
ND-087,Slope County,11.08
ND-089,Stark County,10.73
ND-091,Steele County,16.42
ND-093,Stutsman County,13.51
ND-095,Towner County,11.65
ND-097,Traill County,18.13
ND-099,Walsh County,18.02
ND-101,Ward County,10.8
ND-103,Wells County,9.92
ND-105,Williams County,7.85
OH-001,Adams County,48.52
OH-003,Allen County,39.17
OH-005,Ashland County,40.64
OH-007,Ashtabula County,41.94
OH-009,Athens County,44.77
OH-011,Auglaize County,41.75
OH-013,Belmont County,44.29
OH-015,Brown County,50.56
OH-017,Butler County,44.89
OH-019,Carroll County,42.66
OH-021,Champaign County,43.77
OH-023,Clark County,45.21
OH-025,Clermont County,50.84
OH-027,Clinton County,43.87
OH-029,Columbiana County,43.84
OH-031,Coshocton County,44.47
OH-033,Crawford County,41.37
OH-035,Cuyahoga County,44.08
OH-037,Darke County,42.43
OH-039,Defiance County,30.16
OH-041,Delaware County,43.35
OH-043,Erie County,38.92
OH-045,Fairfield County,44.02
OH-047,Fayette County,40.38
OH-049,Franklin County,45.88
OH-051,Fulton County,30.5
OH-053,Gallia County,49.36
OH-055,Geauga County,45.8
OH-057,Greene County,41.82
OH-059,Guernsey County,46.45
OH-061,Hamilton County,47.38
OH-063,Hancock County,33.99
OH-065,Hardin County,37.7
OH-067,Harrison County,42.16
OH-069,Henry County,31.23
OH-071,Highland County,48.41
OH-073,Hocking County,42.11
OH-075,Holmes County,42.09
OH-077,Huron County,40.77
OH-079,Jackson County,48.31
OH-081,Jefferson County,41.09
OH-083,Knox County,45.93
OH-085,Lake County,39.57
OH-087,Lawrence County,49.45
OH-089,Licking County,47.21
OH-091,Logan County,44.35
OH-093,Lorain County,44.9
OH-095,Lucas County,28.38
OH-097,Madison County,40.19
OH-099,Mahoning County,44.48
OH-101,Marion County,38.5
OH-103,Medina County,42.52
OH-105,Meigs County,48.83
OH-107,Mercer County,41.41
OH-109,Miami County,40.9
OH-111,Monroe County,48.48
OH-113,Montgomery County,42.06
OH-115,Morgan County,45.18
OH-117,Morrow County,44.09
OH-119,Muskingum County,45.98
OH-121,Noble County,46.41
OH-123,Ottawa County,28.51
OH-125,Paulding County,31.32
OH-127,Perry County,45.99
OH-129,Pickaway County,41.91
OH-131,Pike County,48.63
OH-133,Portage County,42.9
OH-135,Preble County,44.26
OH-137,Putnam County,34.38
OH-139,Richland County,41.04
OH-141,Ross County,44.61
OH-143,Sandusky County,31.89
OH-145,Scioto County,46.71
OH-147,Seneca County,34.73
OH-149,Shelby County,43.12
OH-151,Stark County,39.27
OH-153,Summit County,38.2
OH-155,Trumbull County,46.55
OH-157,Tuscarawas County,42
OH-159,Union County,39.37
OH-161,Van Wert County,35.91
OH-163,Vinton County,44.72
OH-165,Warren County,44.21
OH-167,Washington County,46.68
OH-169,Wayne County,38.81
OH-171,Williams County,30.82
OH-173,Wood County,31.13
OH-175,Wyandot County,37.12
OK-001,Adair County,56.73
OK-003,Alfalfa County,32.45
OK-005,Atoka County,51.32
OK-007,Beaver County,17.48
OK-009,Beckham County,17.55
OK-011,Blaine County,30.71
OK-013,Bryan County,47.49
OK-015,Caddo County,32.36
OK-017,Canadian County,35.67
OK-019,Carter County,41.66
OK-021,Cherokee County,56.55
OK-023,Choctaw County,57.09
OK-025,Cimarron County,10.99
OK-027,Cleveland County,41.76
OK-029,Coal County,53.29
OK-031,Comanche County,37.81
OK-033,Cotton County,41.52
OK-035,Craig County,52.11
OK-037,Creek County,41.69
OK-039,Custer County,23.24
OK-041,Delaware County,55.65
OK-043,Dewey County,24.12
OK-045,Ellis County,20.75
OK-047,Garfield County,33.85
OK-049,Garvin County,44.91
OK-051,Grady County,38.75
OK-053,Grant County,33.15
OK-055,Greer County,19.87
OK-057,Harmon County,18.85
OK-059,Harper County,21.84
OK-061,Haskell County,59.53
OK-063,Hughes County,54.42
OK-065,Jackson County,25.24
OK-067,Jefferson County,39.88
OK-069,Johnston County,46.24
OK-071,Kay County,34.74
OK-073,Kingfisher County,32.45
OK-075,Kiowa County,29.37
OK-077,Latimer County,60.73
OK-079,Le Flore County,66.11
OK-081,Lincoln County,40.7
OK-083,Logan County,34.95
OK-085,Love County,43.16
OK-087,McClain County,41.92
OK-089,McCurtain County,68.89
OK-091,McIntosh County,54.16
OK-093,Major County,30.47
OK-095,Marshall County,44.32
OK-097,Mayes County,54.83
OK-099,Murray County,43.82
OK-101,Muskogee County,53.05
OK-103,Noble County,33.96
OK-105,Nowata County,47.38
OK-107,Okfuskee County,47.04
OK-109,Oklahoma County,38.56
OK-111,Okmulgee County,47.74
OK-113,Osage County,39.6
OK-115,Ottawa County,52.2
OK-117,Pawnee County,33.61
OK-119,Payne County,36.26
OK-121,Pittsburg County,57.33
OK-123,Pontotoc County,49.56
OK-125,Pottawatomie County,45.05
OK-127,Pushmataha County,58.57
OK-129,Roger Mills County,18.75
OK-131,Rogers County,49.64
OK-133,Seminole County,49.48
OK-135,Sequoyah County,62.04
OK-137,Stephens County,43.41
OK-139,Texas County,16.14
OK-141,Tillman County,33.45
OK-143,Tulsa County,46.52
OK-145,Wagoner County,50.41
OK-147,Washington County,44.63
OK-149,Washita County,25.41
OK-151,Woods County,28.78
OK-153,Woodward County,24.17
OR-001,Baker County,20.16
OR-003,Benton County,55.83
OR-005,Clackamas County,72.74
OR-007,Clatsop County,89.98
OR-009,Columbia County,56.93
OR-011,Coos County,53.02
OR-013,Crook County,10.86
OR-015,Curry County,64.23
OR-017,Deschutes County,19.23
OR-019,Douglas County,45.49
OR-021,Gilliam County,9.74
OR-023,Grant County,19.51
OR-025,Harney County,9.81
OR-027,Hood River County,61.23
OR-029,Jackson County,28.88
OR-031,Jefferson County,15.17
OR-033,Josephine County,41.7
OR-035,Klamath County,20.44
OR-037,Lake County,9.72
OR-039,Lane County,59.85
OR-041,Lincoln County,90.46
OR-043,Linn County,65.67
OR-045,Malheur County,11.31
OR-047,Marion County,59.04
OR-049,Morrow County,12.74
OR-051,Multnomah County,61.55
OR-053,Polk County,61.82
OR-055,Sherman County,11.7
OR-057,Tillamook County,105.52
OR-059,Umatilla County,23.15
OR-061,Union County,32.23
OR-063,Wallowa County,28.99
OR-065,Wasco County,18.31
OR-067,Washington County,52.61
OR-069,Wheeler County,12.71
OR-071,Yamhill County,57.11
PA-001,Adams County,39.59
PA-003,Allegheny County,39.72
PA-005,Armstrong County,44.27
PA-007,Beaver County,42
PA-009,Bedford County,41.08
PA-011,Berks County,50.88
PA-013,Blair County,40.18
PA-015,Bradford County,36.57
PA-017,Bucks County,49.18
PA-019,Butler County,43.85
PA-021,Cambria County,44.27
PA-023,Cameron County,41.87
PA-025,Carbon County,52.69
PA-027,Centre County,40.18
PA-029,Chester County,52.64
PA-031,Clarion County,41.81
PA-033,Clearfield County,40.63
PA-035,Clinton County,39.19
PA-037,Columbia County,42.6
PA-039,Crawford County,45.24
PA-041,Cumberland County,39.11
PA-043,Dauphin County,40.84
PA-045,Delaware County,52.45
PA-047,Elk County,43.84
PA-049,Erie County,45.82
PA-051,Fayette County,45.65
PA-053,Forest County,41.85
PA-055,Franklin County,38.51
PA-057,Fulton County,40.83
PA-059,Greene County,41.39
PA-061,Huntingdon County,39.47
PA-063,Indiana County,45.62
PA-065,Jefferson County,40.42
PA-067,Juniata County,40.73
PA-069,Lackawanna County,41.58
PA-071,Lancaster County,48.35
PA-073,Lawrence County,45.86
PA-075,Lebanon County,47.09
PA-077,Lehigh County,51.82
PA-079,Luzerne County,44.18
PA-081,Lycoming County,39.3
PA-083,McKean County,43.35
PA-085,Mercer County,45.76
PA-087,Mifflin County,40.82
PA-089,Monroe County,49.04
PA-091,Montgomery County,51.61
PA-093,Montour County,38.37
PA-095,Northampton County,50.97
PA-097,Northumberland County,39.53
PA-099,Perry County,40.06
PA-101,Philadelphia County,51.18
PA-103,Pike County,43.98
PA-105,Potter County,39.88
PA-107,Schuylkill County,49.83
PA-109,Snyder County,40.77
PA-111,Somerset County,47.97
PA-113,Sullivan County,41.96
PA-115,Susquehanna County,42.53
PA-117,Tioga County,36.97
PA-119,Union County,38.82
PA-121,Venango County,44.85
PA-123,Warren County,44.19
PA-125,Washington County,40.75
PA-127,Wayne County,42.93
PA-129,Westmoreland County,45.69
PA-131,Wyoming County,41.01
PA-133,York County,42.82
RI-001,Bristol County,44.13
RI-003,Kent County,45.82
RI-005,Newport County,41.34
RI-007,Providence County,45.76
RI-009,Washington County,43.23
SC-001,Abbeville County,63.71
SC-003,Aiken County,57.43
SC-005,Allendale County,54.05
SC-007,Anderson County,64.12
SC-009,Bamberg County,55.74
SC-011,Barnwell County,57.66
SC-013,Beaufort County,51.85
SC-015,Berkeley County,54.42
SC-017,Calhoun County,57.25
SC-019,Charleston County,55.41
SC-021,Cherokee County,62.2
SC-023,Chester County,57.1
SC-025,Chesterfield County,61.29
SC-027,Clarendon County,61.51
SC-029,Colleton County,54.24
SC-031,Darlington County,65.72
SC-033,Dillon County,66.78
SC-035,Dorchester County,53.28
SC-037,Edgefield County,55.97
SC-039,Fairfield County,51.63
SC-041,Florence County,66.02
SC-043,Georgetown County,65.19
SC-045,Greenville County,74.19
SC-047,Greenwood County,62.58
SC-049,Hampton County,52.57
SC-051,Horry County,66.08
SC-053,Jasper County,51.5
SC-055,Kershaw County,55.45
SC-057,Lancaster County,56.01
SC-059,Laurens County,60.73
SC-061,Lee County,63.67
SC-063,Lexington County,54.21
SC-065,McCormick County,60.17
SC-067,Marion County,70
SC-069,Marlboro County,61.43
SC-071,Newberry County,56.37
SC-073,Oconee County,81.9
SC-075,Orangeburg County,55.8
SC-077,Pickens County,75.75
SC-079,Richland County,53.25
SC-081,Saluda County,53.44
SC-083,Spartanburg County,65.67
SC-085,Sumter County,61.64
SC-087,Union County,58.97
SC-089,Williamsburg County,60.36
SC-091,York County,57.14
SD-003,Aurora County,18.12
SD-005,Beadle County,18.91
SD-007,Bennett County,14.08
SD-009,Bon Homme County,20.53
SD-011,Brookings County,20.26
SD-013,Brown County,17.37
SD-015,Brule County,18.72
SD-017,Buffalo County,18.62
SD-019,Butte County,12.71
SD-021,Campbell County,13.72
SD-023,Charles Mix County,21.53
SD-025,Clark County,20.35
SD-027,Clay County,16.29
SD-029,Codington County,20.25
SD-031,Corson County,14.61
SD-033,Custer County,14.19
SD-035,Davison County,18.24
SD-037,Day County,16.97
SD-039,Deuel County,20.07
SD-041,Dewey County,15.39
SD-043,Douglas County,20.49
SD-045,Edmunds County,14.39
SD-047,Fall River County,11.51
SD-049,Faulk County,16.35
SD-051,Grant County,18.04
SD-053,Gregory County,21.87
SD-055,Haakon County,15.77
SD-057,Hamlin County,22.03
SD-059,Hand County,18.58
SD-061,Hanson County,17.3
SD-063,Harding County,10.76
SD-065,Hughes County,15.72
SD-067,Hutchinson County,17.81
SD-069,Hyde County,17.64
SD-071,Jackson County,14.26
SD-073,Jerauld County,18.29
SD-075,Jones County,17.63
SD-077,Kingsbury County,21.91
SD-079,Lake County,17.56
SD-081,Lawrence County,19.11
SD-083,Lincoln County,17.36
SD-085,Lyman County,17.95
SD-087,McCook County,16.05
SD-089,McPherson County,16.1
SD-091,Marshall County,16.7
SD-093,Meade County,14.03
SD-095,Mellette County,16.69
SD-097,Miner County,17.81
SD-099,Minnehaha County,16.83
SD-101,Moody County,19.27
SD-102,Oglala Lakota County,13.1
SD-103,Pennington County,14.14
SD-105,Perkins County,13.15
SD-107,Potter County,15.21
SD-109,Roberts County,16.65
SD-111,Sanborn County,17.98
SD-115,Spink County,17.77
SD-117,Stanley County,16.32
SD-119,Sully County,15.74
SD-121,Todd County,17.49
SD-123,Tripp County,19.62
SD-125,Turner County,16.43
SD-127,Union County,17.19
SD-129,Walworth County,14.14
SD-135,Yankton County,17.68
SD-137,Ziebach County,15.46
TN-001,Anderson County,69.65
TN-003,Bedford County,66.92
TN-005,Benton County,58.58
TN-007,Bledsoe County,74.39
TN-009,Blount County,71.68
TN-011,Bradley County,74.38
TN-013,Campbell County,69.34
TN-015,Cannon County,68.91
TN-017,Carroll County,61.67
TN-019,Carter County,64.52
TN-021,Cheatham County,55.71
TN-023,Chester County,65.58
TN-025,Claiborne County,65.37
TN-027,Clay County,65.84
TN-029,Cocke County,64.82
TN-031,Coffee County,74.21
TN-033,Crockett County,57.69
TN-035,Cumberland County,73.17
TN-037,Davidson County,55.95
TN-039,Decatur County,66.16
TN-041,DeKalb County,63.86
TN-043,Dickson County,57.34
TN-045,Dyer County,53.05
TN-047,Fayette County,58.84
TN-049,Fentress County,69.07
TN-051,Franklin County,81.2
TN-053,Gibson County,59.83
TN-055,Giles County,70.2
TN-057,Grainger County,64.91
TN-059,Greene County,60.22
TN-061,Grundy County,83.72
TN-063,Hamblen County,62.55
TN-065,Hamilton County,71.52
TN-067,Hancock County,65.66
TN-069,Hardeman County,64.57
TN-071,Hardin County,74.12
TN-073,Hawkins County,62.75
TN-075,Haywood County,56.85
TN-077,Henderson County,64.25
TN-079,Henry County,57.4
TN-081,Hickman County,64.35
TN-083,Houston County,59.24
TN-085,Humphreys County,60.32
TN-087,Jackson County,63.93
TN-089,Jefferson County,64.7
TN-091,Johnson County,66.87
TN-093,Knox County,68.03
TN-095,Lake County,54.09
TN-097,Lauderdale County,51.27
TN-099,Lawrence County,71.45
TN-101,Lewis County,70.09
TN-103,Lincoln County,75.57
TN-105,Loudon County,69.6
TN-107,McMinn County,72.67
TN-109,McNairy County,71.27
TN-111,Macon County,62.88
TN-113,Madison County,60.03
TN-115,Marion County,81.89
TN-117,Marshall County,68.38
TN-119,Maury County,66.29
TN-121,Meigs County,71.09
TN-123,Monroe County,74
TN-125,Montgomery County,56.76
TN-127,Moore County,75.77
TN-129,Morgan County,69.73
TN-131,Obion County,59.65
TN-133,Overton County,68.66
TN-135,Perry County,65.48
TN-137,Pickett County,68.13
TN-139,Polk County,76.62
TN-141,Putnam County,67.1
TN-143,Rhea County,72.35
TN-145,Roane County,69.07
TN-147,Robertson County,58.35
TN-149,Rutherford County,65.89
TN-151,Scott County,67.72
TN-153,Sequatchie County,77.24
TN-155,Sevier County,73.2
TN-157,Shelby County,56.76
TN-159,Smith County,60.75
TN-161,Stewart County,57.71
TN-163,Sullivan County,59.39
TN-165,Sumner County,61.26
TN-167,Tipton County,54.37
TN-169,Trousdale County,60.75
TN-171,Unicoi County,65.17
TN-173,Union County,65.38
TN-175,Van Buren County,72.88
TN-177,Warren County,72.35
TN-179,Washington County,59.33
TN-181,Wayne County,73.04
TN-183,Weakley County,59.52
TN-185,White County,68.48
TN-187,Williamson County,57.14
TN-189,Wilson County,62.16
TX-001,Anderson County,52.3
TX-003,Andrews County,7.14
TX-005,Angelina County,48.61
TX-007,Aransas County,26.9
TX-009,Archer County,39.01
TX-011,Armstrong County,13.06
TX-013,Atascosa County,25.08
TX-015,Austin County,40.97
TX-017,Bailey County,8.31
TX-019,Bandera County,24.4
TX-021,Bastrop County,34.7
TX-023,Baylor County,31.2
TX-025,Bee County,27.44
TX-027,Bell County,34.3
TX-029,Bexar County,24.09
TX-031,Blanco County,31.3
TX-033,Borden County,14.09
TX-035,Bosque County,36.76
TX-037,Bowie County,63.72
TX-039,Brazoria County,50.15
TX-041,Brazos County,36.47
TX-043,Brewster County,6.09
TX-045,Briscoe County,14.37
TX-047,Brooks County,20.22
TX-049,Brown County,25.36
TX-051,Burleson County,34.49
TX-053,Burnet County,28.74
TX-055,Caldwell County,31.64
TX-057,Calhoun County,34.39
TX-059,Callahan County,28.42
TX-061,Cameron County,24.44
TX-063,Camp County,51.97
TX-065,Carson County,12.98
TX-067,Cass County,62.76
TX-069,Castro County,8.54
TX-071,Chambers County,54.64
TX-073,Cherokee County,53.02
TX-075,Childress County,18.92
TX-077,Clay County,42.24
TX-079,Cochran County,8.26
TX-081,Coke County,22
TX-083,Coleman County,22.19
TX-085,Collin County,45.91
TX-087,Collingsworth County,17.46
TX-089,Colorado County,40.35
TX-091,Comal County,29.83
TX-093,Comanche County,30.78
TX-095,Concho County,19.88
TX-097,Cooke County,45.24
TX-099,Coryell County,37.62
TX-101,Cottle County,19.16
TX-103,Crane County,6.84
TX-105,Crockett County,12.73
TX-107,Crosby County,12.96
TX-109,Culberson County,6.22
TX-111,Dallam County,10.83
TX-113,Dallas County,46.06
TX-115,Dawson County,10.53
TX-117,Deaf Smith County,9.41
TX-119,Delta County,52.22
TX-121,Denton County,46.93
TX-123,DeWitt County,31.26
TX-125,Dickens County,17.14
TX-127,Dimmit County,16.53
TX-129,Donley County,16.46
TX-131,Duval County,19.83
TX-133,Eastland County,31.54
TX-135,Ector County,6.39
TX-137,Edwards County,19.59
TX-139,Ellis County,47.35
TX-141,El Paso County,5.86
TX-143,Erath County,36.43
TX-145,Falls County,45.16
TX-147,Fannin County,49.76
TX-149,Fayette County,35.09
TX-151,Fisher County,23.16
TX-153,Floyd County,11.18
TX-155,Foard County,23.93
TX-157,Fort Bend County,48.62
TX-159,Franklin County,53.34
TX-161,Freestone County,47.24
TX-163,Frio County,22.2
TX-165,Gaines County,7.4
TX-167,Galveston County,53.24
TX-169,Garza County,15.47
TX-171,Gillespie County,26.81
TX-173,Glasscock County,11.71
TX-175,Goliad County,28.11
TX-177,Gonzales County,29.58
TX-179,Gray County,15.62
TX-181,Grayson County,49.56
TX-183,Gregg County,52.82
TX-185,Grimes County,41.93
TX-187,Guadalupe County,27.81
TX-189,Hale County,9.98
TX-191,Hall County,15.98
TX-193,Hamilton County,29.76
TX-195,Hansford County,15.61
TX-197,Hardeman County,24.42
TX-199,Hardin County,55.81
TX-201,Harris County,52.08
TX-203,Harrison County,58.9
TX-205,Hartley County,11.07
TX-207,Haskell County,28.2
TX-209,Hays County,33.05
TX-211,Hemphill County,19.01
TX-213,Henderson County,52.5
TX-215,Hidalgo County,25.31
TX-217,Hill County,43.44
TX-219,Hockley County,9.08
TX-221,Hood County,36.97
TX-223,Hopkins County,50.97
TX-225,Houston County,49.45
TX-227,Howard County,13.99
TX-229,Hudspeth County,6.12
TX-231,Hunt County,47.21
TX-233,Hutchinson County,12.43
TX-235,Irion County,16.82
TX-237,Jack County,42.41
TX-239,Jackson County,36.69
TX-241,Jasper County,55.15
TX-243,Jeff Davis County,7.91
TX-245,Jefferson County,55.59
TX-247,Jim Hogg County,18.75
TX-249,Jim Wells County,22.99
TX-251,Johnson County,37.23
TX-253,Jones County,27.39
TX-255,Karnes County,29.12
TX-257,Kaufman County,42.75
TX-259,Kendall County,29.5
TX-261,Kenedy County,22.49
TX-263,Kent County,18.54
TX-265,Kerr County,25.53
TX-267,Kimble County,23.19
TX-269,King County,20.29
TX-271,Kinney County,16.53
TX-273,Kleberg County,21.25
TX-275,Knox County,24.61
TX-277,Lamar County,59.7
TX-279,Lamb County,8.68
TX-281,Lampasas County,31.12
TX-283,La Salle County,21.61
TX-285,Lavaca County,35.21
TX-287,Lee County,33.84
TX-289,Leon County,46.74
TX-291,Liberty County,51.37
TX-293,Limestone County,47.75
TX-295,Lipscomb County,18.49
TX-297,Live Oak County,26.91
TX-299,Llano County,27.64
TX-301,Loving County,4.39
TX-303,Lubbock County,11.22
TX-305,Lynn County,11.81
TX-307,McCulloch County,21.17
TX-309,McLennan County,45.86
TX-311,McMullen County,24.4
TX-313,Madison County,44.5
TX-315,Marion County,60.81
TX-317,Martin County,10
TX-319,Mason County,23.98
TX-321,Matagorda County,40.75
TX-323,Maverick County,15.86
TX-325,Medina County,22.62
TX-327,Menard County,21.18
TX-329,Midland County,8.13
TX-331,Milam County,35.36
TX-333,Mills County,26.98
TX-335,Mitchell County,18.48
TX-337,Montague County,39.15
TX-339,Montgomery County,48.44
TX-341,Moore County,12.69
TX-343,Morris County,54.38
TX-345,Motley County,14.69
TX-347,Nacogdoches County,52.6
TX-349,Navarro County,48.78
TX-351,Newton County,60.02
TX-353,Nolan County,22.99
TX-355,Nueces County,25.59
TX-357,Ochiltree County,16.85
TX-359,Oldham County,10.65
TX-361,Orange County,58.15
TX-363,Palo Pinto County,34.11
TX-365,Panola County,58.98
TX-367,Parker County,35.8
TX-369,Parmer County,8.85
TX-371,Pecos County,8.94
TX-373,Polk County,49.3
TX-375,Potter County,11.64
TX-377,Presidio County,6.44
TX-379,Rains County,51.11
TX-381,Randall County,9.83
TX-383,Reagan County,12.27
TX-385,Real County,21.74
TX-387,Red River County,62.47
TX-389,Reeves County,5.5
TX-391,Refugio County,27.77
TX-393,Roberts County,15.47
TX-395,Robertson County,41.54
TX-397,Rockwall County,39.82
TX-399,Runnels County,21.22
TX-401,Rusk County,54.44
TX-403,Sabine County,65.48
TX-405,San Augustine County,58.12
TX-407,San Jacinto County,48.7
TX-409,San Patricio County,27.6
TX-411,San Saba County,26.43
TX-413,Schleicher County,18.42
TX-415,Scurry County,18.76
TX-417,Shackelford County,29.58
TX-419,Shelby County,63.91
TX-421,Sherman County,13.9
TX-423,Smith County,54.91
TX-425,Somervell County,38.6
TX-427,Starr County,23.1
TX-429,Stephens County,30.78
TX-431,Sterling County,16.58
TX-433,Stonewall County,25.22
TX-435,Sutton County,16.47
TX-437,Swisher County,10.82
TX-439,Tarrant County,38.8
TX-441,Taylor County,26.26
TX-443,Terrell County,8.28
TX-445,Terry County,8.38
TX-447,Throckmorton County,29.72
TX-449,Titus County,53
TX-451,Tom Green County,20.5
TX-453,Travis County,33.44
TX-455,Trinity County,47.6
TX-457,Tyler County,52.45
TX-459,Upshur County,53.33
TX-461,Upton County,8.79
TX-463,Uvalde County,17.92
TX-465,Val Verde County,14.67
TX-467,Van Zandt County,48.58
TX-469,Victoria County,32.06
TX-471,Walker County,45.64
TX-473,Waller County,44.26
TX-475,Ward County,5.52
TX-477,Washington County,37.17
TX-479,Webb County,18.16
TX-481,Wharton County,42.99
TX-483,Wheeler County,16.34
TX-485,Wichita County,38.42
TX-487,Wilbarger County,31.31
TX-489,Willacy County,26.08
TX-491,Williamson County,31.12
TX-493,Wilson County,27.44
TX-495,Winkler County,5.18
TX-497,Wise County,40.5
TX-499,Wood County,54.33
TX-501,Yoakum County,6.59
TX-503,Young County,35.61
TX-505,Zapata County,18.71
TX-507,Zavala County,16.24
UT-001,Beaver County,5.87
UT-003,Box Elder County,7.86
UT-005,Cache County,19.9
UT-007,Carbon County,7.57
UT-009,Daggett County,10.04
UT-011,Davis County,16.08
UT-013,Duchesne County,10.12
UT-015,Emery County,4.72
UT-017,Garfield County,6.35
UT-019,Grand County,6.38
UT-021,Iron County,7.19
UT-023,Juab County,4.53
UT-025,Kane County,5.1
UT-027,Millard County,3.95
UT-029,Morgan County,16.59
UT-031,Piute County,8.52
UT-033,Rich County,11.39
UT-035,Salt Lake County,13.26
UT-037,San Juan County,5.06
UT-039,Sanpete County,11.23
UT-041,Sevier County,8.9
UT-043,Summit County,17.44
UT-045,Tooele County,5.41
UT-047,Uintah County,7.41
UT-049,Utah County,10.51
UT-051,Wasatch County,14.9
UT-053,Washington County,8.33
UT-055,Wayne County,4.35
UT-057,Weber County,16.89
VT-001,Addison County,36.19
VT-003,Bennington County,45.16
VT-005,Caledonia County,37.87
VT-007,Chittenden County,35.29
VT-009,Essex County,39.11
VT-011,Franklin County,40.61
VT-013,Grand Isle County,37.09
VT-015,Lamoille County,41.9
VT-017,Orange County,38.19
VT-019,Orleans County,43.01
VT-021,Rutland County,37.2
VT-023,Washington County,40.23
VT-025,Windham County,46.82
VT-027,Windsor County,40.92
VA-001,Accomack County,55.07
VA-003,Albemarle County,57.24
VA-005,Alleghany County,54.75
VA-007,Amelia County,60.51
VA-009,Amherst County,67.42
VA-011,Appomattox County,72.23
VA-013,Arlington County,58.2
VA-015,Augusta County,55.17
VA-017,Bath County,56.25
VA-019,Bedford County,68.89
VA-021,Bland County,60.59
VA-023,Botetourt County,60.92
VA-025,Brunswick County,61.15
VA-027,Buchanan County,62.15
VA-029,Buckingham County,64.83
VA-031,Campbell County,71.67
VA-033,Caroline County,57.54
VA-035,Carroll County,73.26
VA-036,Charles City County,69.58
VA-037,Charlotte County,62.62
VA-041,Chesterfield County,65.39
VA-043,Clarke County,46.29
VA-045,Craig County,60.9
VA-047,Culpeper County,53.24
VA-049,Cumberland County,61.78
VA-051,Dickenson County,59.11
VA-053,Dinwiddie County,63.2
VA-057,Essex County,60.64
VA-059,Fairfax County,53.98
VA-061,Fauquier County,50.72
VA-063,Floyd County,72.65
VA-065,Fluvanna County,60.35
VA-067,Franklin County,72.42
VA-069,Frederick County,45.02
VA-071,Giles County,60.48
VA-073,Gloucester County,67.07
VA-075,Goochland County,60.17
VA-077,Grayson County,70.88
VA-079,Greene County,58.29
VA-081,Greensville County,64.4
VA-083,Halifax County,62.63
VA-085,Hanover County,61.45
VA-087,Henrico County,64.55
VA-089,Henry County,71.69
VA-091,Highland County,56.53
VA-093,Isle of Wight County,67.71
VA-095,James City County,69.83
VA-097,King and Queen County,64.58
VA-099,King George County,55.52
VA-101,King William County,64.84
VA-103,Lancaster County,62.02
VA-105,Lee County,67.95
VA-107,Loudoun County,46.3
VA-109,Louisa County,59.37
VA-111,Lunenburg County,57.76
VA-113,Madison County,57
VA-115,Mathews County,64.67
VA-117,Mecklenburg County,63.12
VA-119,Middlesex County,64.2
VA-121,Montgomery County,61.18
VA-125,Nelson County,63.29
VA-127,New Kent County,67.43
VA-131,Northampton County,57.56
VA-133,Northumberland County,59.41
VA-135,Nottoway County,57.81
VA-137,Orange County,57.09
VA-139,Page County,51.44
VA-141,Patrick County,78.34
VA-143,Pittsylvania County,66.65
VA-145,Powhatan County,60.51
VA-147,Prince Edward County,61.61
VA-149,Prince George County,69.95
VA-153,Prince William County,51.58
VA-155,Pulaski County,65.16
VA-157,Rappahannock County,50.85
VA-159,Richmond County,59.58
VA-161,Roanoke County,65.67
VA-163,Rockbridge County,58.53
VA-165,Rockingham County,48.92
VA-167,Russell County,59.56
VA-169,Scott County,62.73
VA-171,Shenandoah County,45.29
VA-173,Smyth County,63.41
VA-175,Southampton County,69.19
VA-177,Spotsylvania County,56.4
VA-179,Stafford County,53.76
VA-181,Surry County,71.51
VA-183,Sussex County,68.69
VA-185,Tazewell County,60.75
VA-187,Warren County,48.45
VA-191,Washington County,60.49
VA-193,Westmoreland County,58.76
VA-195,Wise County,62.7
VA-197,Wythe County,66.55
VA-199,York County,67.84
VA-510,Alexandria City,58.47
VA-520,Bristol City,60.66
VA-530,Buena Vista City,58.61
VA-540,Charlottesville City,57.74
VA-550,Chesapeake City,61.45
VA-570,Colonial Heights City,68.85
VA-580,Covington City,52.52
VA-590,Danville City,60.74
VA-595,Emporia City,64.67
VA-600,Fairfax City,54.17
VA-610,Falls Church City,56.24
VA-620,Franklin City,69.41
VA-630,Fredericksburg City,54.42
VA-640,Galax City,70.99
VA-650,Hampton City,62.8
VA-660,Harrisonburg City,46.9
VA-670,Hopewell City,70.87
VA-680,Lynchburg City,70.65
VA-683,Manassas City,50.68
VA-685,Manassas Park City,51.21
VA-690,Martinsville City,71.45
VA-700,Newport News City,65.63
VA-710,Norfolk City,59.6
VA-720,Norton City,61.24
VA-730,Petersburg City,68.8
VA-735,Poquoson City,63.39
VA-740,Portsmouth City,60.94
VA-750,Radford City,59.86
VA-760,Richmond City,64.26
VA-770,Roanoke City,64.37
VA-775,Salem City,64.51
VA-790,Staunton City,52.91
VA-800,Suffolk City,64.37
VA-810,Virginia Beach City,59.89
VA-820,Waynesboro City,53.81
VA-830,Williamsburg City,70.87
VA-840,Winchester City,46.38
WA-001,Adams County,10.49
WA-003,Asotin County,18.12
WA-005,Benton County,6.41
WA-007,Chelan County,39.65
WA-009,Clallam County,98.85
WA-011,Clark County,66.51
WA-013,Columbia County,27.48
WA-015,Cowlitz County,82.87
WA-017,Douglas County,9.19
WA-019,Ferry County,20.62
WA-021,Franklin County,8.46
WA-023,Garfield County,20.57
WA-025,Grant County,6.51
WA-027,Grays Harbor County,103.78
WA-029,Island County,31.47
WA-031,Jefferson County,116.81
WA-033,King County,87.76
WA-035,Kitsap County,49.13
WA-037,Kittitas County,32.71
WA-039,Klickitat County,19.41
WA-041,Lewis County,76.14
WA-043,Lincoln County,11.43
WA-045,Mason County,99.85
WA-047,Okanogan County,23.22
WA-049,Pacific County,90.04
WA-051,Pend Oreille County,34.32
WA-053,Pierce County,72.26
WA-055,San Juan County,34.4
WA-057,Skagit County,91.23
WA-059,Skamania County,94.07
WA-061,Snohomish County,98.39
WA-063,Spokane County,20.02
WA-065,Stevens County,23.11
WA-067,Thurston County,50.42
WA-069,Wahkiakum County,79.62
WA-071,Walla Walla County,15.03
WA-073,Whatcom County,82.93
WA-075,Whitman County,18.14
WA-077,Yakima County,22.81
WV-001,Barbour County,54.53
WV-003,Berkeley County,39.12
WV-005,Boone County,56.66
WV-007,Braxton County,58.53
WV-009,Brooke County,38.8
WV-011,Cabell County,50.19
WV-013,Calhoun County,55.83
WV-015,Clay County,57.32
WV-017,Doddridge County,54.36
WV-019,Fayette County,57.19
WV-021,Gilmer County,54.91
WV-023,Grant County,43.11
WV-025,Greenbrier County,57.66
WV-027,Hampshire County,41.21
WV-029,Hancock County,42.52
WV-031,Hardy County,42.62
WV-033,Harrison County,52.38
WV-035,Jackson County,51.06
WV-037,Jefferson County,40.79
WV-039,Kanawha County,53.73
WV-041,Lewis County,55.7
WV-043,Lincoln County,52.97
WV-045,Logan County,59.96
WV-047,McDowell County,59.43
WV-049,Marion County,45.72
WV-051,Marshall County,47.49
WV-053,Mason County,50.64
WV-055,Mercer County,55.69
WV-057,Mineral County,38.62
WV-059,Mingo County,60.57
WV-061,Monongalia County,42.94
WV-063,Monroe County,57.94
WV-065,Morgan County,40.62
WV-067,Nicholas County,59.86
WV-069,Ohio County,40.8
WV-071,Pendleton County,49.52
WV-073,Pleasants County,49.27
WV-075,Pocahontas County,61.42
WV-077,Preston County,50.83
WV-079,Putnam County,48.64
WV-081,Raleigh County,57.84
WV-083,Randolph County,64.25
WV-085,Ritchie County,52.07
WV-087,Roane County,53.51
WV-089,Summers County,55.5
WV-091,Taylor County,48
WV-093,Tucker County,59.41
WV-095,Tyler County,51.36
WV-097,Upshur County,59.14
WV-099,Wayne County,53.67
WV-101,Webster County,66.78
WV-103,Wetzel County,51.49
WV-105,Wirt County,52.32
WV-107,Wood County,48.73
WV-109,Wyoming County,60.12
WI-001,Adams County,35.95
WI-003,Ashland County,30.25
WI-005,Barron County,31.62
WI-007,Bayfield County,30.32
WI-009,Brown County,37.24
WI-011,Buffalo County,31.06
WI-013,Burnett County,27.4
WI-015,Calumet County,39.8
WI-017,Chippewa County,29.63
WI-019,Clark County,29.75
WI-021,Columbia County,37.57
WI-023,Crawford County,34.82
WI-025,Dane County,35.88
WI-027,Dodge County,35.23
WI-029,Door County,36.06
WI-031,Douglas County,28.46
WI-033,Dunn County,29.14
WI-035,Eau Claire County,30.25
WI-037,Florence County,35.84
WI-039,Fond du Lac County,39.51
WI-041,Forest County,38.38
WI-043,Grant County,39.72
WI-045,Green County,39.63
WI-047,Green Lake County,38.53
WI-049,Iowa County,38.14
WI-051,Iron County,33.06
WI-053,Jackson County,33.51
WI-055,Jefferson County,34.79
WI-057,Juneau County,36.7
WI-059,Kenosha County,40.35
WI-061,Kewaunee County,35.99
WI-063,La Crosse County,33.56
WI-065,Lafayette County,39.54
WI-067,Langlade County,38.05
WI-069,Lincoln County,33.41
WI-071,Manitowoc County,38.95
WI-073,Marathon County,32.99
WI-075,Marinette County,35.99
WI-077,Marquette County,37.3
WI-078,Menominee County,38.8
WI-079,Milwaukee County,36.69
WI-081,Monroe County,33.25
WI-083,Oconto County,37.97
WI-085,Oneida County,35.64
WI-087,Outagamie County,36.17
WI-089,Ozaukee County,32.62
WI-091,Pepin County,30.49
WI-093,Pierce County,31.39
WI-095,Polk County,30.25
WI-097,Portage County,33.99
WI-099,Price County,29.66
WI-101,Racine County,39.95
WI-103,Richland County,36.03
WI-105,Rock County,37.62
WI-107,Rusk County,29.02
WI-109,St. Croix County,32.59
WI-111,Sauk County,39.2
WI-113,Sawyer County,29.1
WI-115,Shawano County,36.62
WI-117,Sheboygan County,38
WI-119,Taylor County,30.34
WI-121,Trempealeau County,32.95
WI-123,Vernon County,34.46
WI-125,Vilas County,36.34
WI-127,Walworth County,39.22
WI-129,Washburn County,29.97
WI-131,Washington County,33.23
WI-133,Waukesha County,35.12
WI-135,Waupaca County,34.62
WI-137,Waushara County,33.71
WI-139,Winnebago County,38.42
WI-141,Wood County,33.03
WY-001,Albany County,10.46
WY-003,Big Horn County,10.13
WY-005,Campbell County,10
WY-007,Carbon County,10.63
WY-009,Converse County,8.52
WY-011,Crook County,12.96
WY-013,Fremont County,10.11
WY-015,Goshen County,8.59
WY-017,Hot Springs County,8.67
WY-019,Johnson County,9.91
WY-021,Laramie County,10.28
WY-023,Lincoln County,17.86
WY-025,Natrona County,6.51
WY-027,Niobrara County,9.93
WY-029,Park County,20.51
WY-031,Platte County,8.18
WY-033,Sheridan County,13.07
WY-035,Sublette County,14.99
WY-037,Sweetwater County,6.3
WY-039,Teton County,33.82
WY-041,Uinta County,7.85
WY-043,Washakie County,7.57
WY-045,Weston County,9.49
AK-013,Aleutians East Borough,40.61
AK-016,Aleutians West Census Area,42.11
AK-020,Anchorage Municipality,60.82
AK-050,Bethel Census Area,23.17
AK-060,Bristol Bay Borough,23.1
AK-063,Chugach Census Area,123.21
AK-066,Copper River Census Area,47.31
AK-068,Denali Borough,27.01
AK-070,Dillingham Census Area,38.73
AK-090,Fairbanks North Star Borough,22.19
AK-100,Haines Borough,103.78
AK-105,Hoonah-Angoon Census Area,162.82
AK-110,Juneau City and Borough,194.68
AK-122,Kenai Peninsula Borough,55.99
AK-130,Ketchikan Gateway Borough,192.53
AK-150,Kodiak Island Borough,55.65
AK-158,Kusilvak Census Area,20.56
AK-164,Lake and Peninsula Borough,36.88
AK-170,Matanuska-Susitna Borough,36.07
AK-180,Nome Census Area,14.95
AK-185,North Slope Borough,11.21
AK-188,Northwest Arctic Borough,12.99
AK-195,Petersburg Borough,211.97
AK-198,Prince of Wales-Hyder Census Area,140.63
AK-220,Sitka City and Borough,177.55
AK-230,Skagway Municipality,87.92
AK-240,Southeast Fairbanks Census Area,24.62
AK-275,Wrangell City and Borough,169.08
AK-282,Yakutat City and Borough,179.26
AK-290,Yukon-Koyukuk Census Area,16.18
